rank,file,relevance,functions,bytes
1,part_000075,9894,6990,8000308
2,part_000076,9797,6944,8039184
3,part_000070,9444,7024,8008149
4,part_000064,8797,6734,8000686
5,part_000071,8698,6655,8000236
6,part_000074,7948,6613,8037952
7,part_000072,7526,6482,8020224
8,part_000068,7460,4003,8000104
9,part_000073,6971,6091,8001074
10,part_000066,6254,4642,8000501
11,part_000065,6135,4429,8004830
12,part_000077,5784,6907,8004385
13,part_000009,5771,4314,8007493
14,part_000079,5577,7505,8014549
15,part_000063,5469,4362,8014144
16,part_000081,5440,7710,8018222
17,part_000069,5189,6540,8000003
18,part_000041,5060,4361,8001789
19,part_000067,4974,5320,8011262
20,part_000052,4914,3791,8003506
21,part_000062,4751,4950,8002133
22,part_000082,4641,5357,8002994
23,part_000048,4568,2885,8001034
24,part_000016,4512,4621,8000262
25,part_000058,4389,4588,8005115
26,part_000047,4346,2938,8002537
27,part_000010,4205,4921,8000150
28,part_000054,4205,4051,8001164
29,part_000039,4161,3132,8013544
30,part_000078,3727,5607,8003554
31,part_000050,3713,3992,8000065
32,part_000002,3347,4973,8001163
33,part_000051,3316,4384,8001778
34,part_000055,3284,4180,8001973
35,part_000046,3281,3011,8014801
36,part_000044,3266,2227,8003717
37,part_000008,3207,4017,8001529
38,part_000004,3194,3662,8000125
39,part_000033,3096,4169,8000927
40,part_000018,3089,4259,8000282
41,part_000049,3033,3628,8001288
42,part_000060,2914,4846,8002216
43,part_000019,2912,4012,8000400
44,part_000015,2825,4810,8000142
45,part_000000,2728,5062,8002017
46,part_000013,2714,3959,8002720
47,part_000007,2697,5111,8019027
48,part_000056,2672,4769,8005362
49,part_000006,2624,4415,8002721
50,part_000003,2620,4792,8000269
51,part_000017,2544,4567,8002755
52,part_000057,2534,4474,8000578
53,part_000080,2516,4944,8001146
54,part_000053,2491,4792,8000014
55,part_000040,2409,3297,8001024
56,part_000011,2324,3787,8012133
57,part_000005,2289,4333,8001430
58,part_000020,2196,4097,8002617
59,part_000012,2140,4641,8001673
60,part_000001,2124,4782,8000441
61,part_000026,1994,3777,8002641
62,part_000061,1830,5132,8002595
63,part_000045,1829,2331,8000231
64,part_000014,1827,4690,8007038
65,part_000042,1782,2264,8000832
66,part_000059,1763,5038,8002334
67,part_000022,1662,4198,8004972
68,part_000043,1616,2209,8005416
69,part_000021,1601,4067,8004274
70,part_000023,1557,4044,8004165
71,part_000030,1527,4498,8001803
72,part_000028,1407,4001,8000397
73,part_000038,1310,2009,8001861
74,part_000085,1234,4500,8005643
75,part_000025,1181,3810,8002787
76,part_000029,1174,4406,8113356
77,part_000037,930,2971,8006310
78,part_000035,881,2558,8009188
79,part_000031,803,3446,8000474
80,part_000034,666,2172,8021715
81,part_000084,603,4460,8001065
82,part_000027,595,3858,8001808
83,part_000024,577,3712,8042949
84,part_000092,554,2653,6184870
85,part_000036,548,1958,8002097
86,part_000087,530,4056,8002519
87,part_000083,513,3575,8000017
88,part_000089,442,2518,5952646
89,part_000032,378,2554,8000105
90,part_000090,367,3843,7269311
91,part_000088,350,3665,7511291
92,part_000094,328,1391,3950035
93,part_000086,291,3975,7805032
94,part_000097,213,1136,2267594
95,part_000091,169,2942,6520182
96,part_000095,147,1309,2928949
97,part_000093,142,1243,3263624
98,part_000096,9,996,2477442
99,part_000098,0,258,999332
100,part_000099,0,270,1059129
101,part_000100,0,245,763169
102,part_000101,0,178,363767
103,part_000102,0,27,180470
