addr,size,note
0x62c156c,196,FAppEventManager::ReleaseMicrophone 卸载Voice模块
0x62c2328,16,FAppEventManager::IsGamePaused
0x62c27dc,172,
0x62c4a14,116,
0x62c56fc,420,
0x62c6354,80,
0x62c6ad4,12,
0x62c6b30,12,
0x62c6b78,216,
0x62c74b8,8,
0x62c751c,80,
0x62c7ff4,612,
0x62c99ec,60,
0x62ca694,380,
0x62cbf10,40,
0x62cc580,64,
0x62cd1ac,272,
0x62ce14c,64,
0x62d201c,36,
0x62d2508,24,
0x62d26c0,56,
0x62d2974,64,
0x62d2adc,236,
0x62d34bc,24,
0x62d34ec,24,
0x62d35d8,656,
0x62d7818,36,
0x62d7aec,116,
0x62da7c4,100,
0x62da8fc,28,
0x62da918,1732,
0x62de600,156,
0x62de77c,36,
0x62deaec,92,
0x62decb0,572,
0x62e09d0,36,
0x62e0ec0,36,
0x62e0f08,36,
0x62e0fe0,36,
0x62e1094,36,
0x62e115c,20,
0x62e121c,36,
0x62e1348,140,
0x62e16b8,40,
0x62e1908,4,
0x62e1934,36,
0x62e1a58,4,
0x62e1c3c,52,
0x62e1d78,36,
0x62e24f4,668,
0x62e4008,688,
0x62e5bfc,344,
0x62e612c,12,
0x62e615c,8,
0x62e61d8,72,
0x62e6530,36,
0x62e682c,40,
0x62e6c64,552,
0x62e7be4,336,
0x62e8ae4,80,
0x62e8f94,124,
0x62e9458,80,
0x62e9730,92,
0x62e999c,8,
0x62e99ac,144,
0x62eabd0,596,
0x62ec7c8,48,
0x62ecc8c,48,
0x62ed890,484,
0x62eff7c,1680,
0x62f1f48,212,
0x62f25cc,2784,
0x62f8790,88,
0x62f87e8,16,
0x62f87fc,8,
0x62f8804,8,
0x62f880c,8,
0x62f8aac,12,
0x62f8bdc,48,
0x62f9154,104,
0x62f9214,24,
0x62f9278,12,
0x62f943c,124,
0x62f967c,184,
0x62f9988,48,
0x62f9be8,104,
0x62f9e00,112,
0x62f9fa8,56,
0x62fa35c,36,
0x62fa49c,68,
0x62fa664,72,
0x62fab64,72,
0x62fb5f4,284,
0x62fbfbc,52,
0x62fc5d4,268,
0x62fcf5c,88,
0x62fd1e4,8,
0x62fd2f4,24,
0x62fd5f4,176,
0x62fe1dc,228,
0x62ff694,972,
0x6303194,1188,
0x6307704,132,
0x6307ba8,8,
0x6307c98,64,
0x6308498,1616,
0x630fadc,176,
0x631046c,1248,
0x6312a64,312,
0x6312fd0,44,
0x6313db0,68,
0x6313e84,660,
0x6314f40,220,
0x6315030,44,
0x631505c,10124,app平台函数(引用cleanupr/precord/saved_download_entry.dat)
0x63ed314,4168,
0x63f73dc,2680,
0x63fc430,6256,app平台/引擎底层函数
0x640b3f8,1988,
0x6411bbc,2428,
0x6417ec8,3200,
0x6421e14,8,
0x6421e1c,8572,app平台/引擎底层函数(std::string重)
0x6453d88,176,
0x6453f6c,280,
0x64544c4,348,
0x6454848,72,
0x6454890,388,
0x6454e88,720,
0x6455d80,136,
0x6455e0c,564,
0x64580ec,388,
0x64584a4,128,
0x645853c,4,
0x6458540,8,
0x6458548,564,
0x6458ff8,168,
0x6459528,1656,
0x645c33c,68,
0x645c460,208,
0x645c6b4,24,
0x645c6cc,264,
0x645cb64,276,
0x645d370,260,
0x645e080,564,
0x645f48c,24,
0x645f4a4,564,
0x6460af8,564,
0x64620a8,308,
0x6462d0c,104,
0x6464244,1084,
0x646671c,8,
0x646672c,8,
0x646674c,8,
0x6466790,12,
0x6466bd4,200,
0x646707c,312,
0x646892c,728,
0x646a574,160,
0x646b114,300,
0x646c998,292,
0x646ded4,292,
0x646e868,292,
0x6471888,1180,
0x6476cf0,804,
0x647b988,576,
0x647cf44,340,
0x647d264,372,
0x647d9fc,4208,app平台函数(__call_once+std::string)
0x64b4cb0,312,
0x64b5af4,112,
0x64b5b9c,8,
0x64b5bcc,424,
0x64b77dc,508,
0x64b8850,100,
0x64b9098,164,
0x64b9604,228,
0x64b9dfc,84,
0x64ba2c0,236,
0x64bad70,84,
0x64bb148,304,
0x64bcc24,536,
0x64c2730,1068,
0x64c526c,96,
0x64c5f04,336,
0x64c6594,336,
0x64c7f50,3928,
0x64d74a8,256,
0x64d88f8,252,
0x64d9e1c,16,
0x64d9f14,120,
0x64daa94,476,
0x64dc018,256,
0x64dd128,48,
0x64dd8c0,12,
0x64dd8cc,12,
0x64dd8d8,12,
0x64dda04,480,
0x64deb40,928,
0x64e13dc,324,
0x64e24b4,336,
0x64e2b28,16,
0x64e2cf8,200,
0x64e3200,640,
0x64e6b54,456,
0x64e79cc,396,
0x64e8548,264,
0x64e9278,180,
0x64e9b54,308,
0x64eac2c,40,
0x64eaea8,352,
0x64ec304,40,
0x64ec6ac,160,
0x64ecd68,40,
0x64ecf1c,120,
0x64ed6f8,56,
0x64eda74,328,
0x64eec0c,80,
0x64eef3c,172,
0x64ef9f8,20,
0x64efa0c,220,
0x64f16a0,744,
0x64f34bc,40,
0x64f3770,164,
0x64f612c,308,
0x64f84dc,536,
0x64fae34,360,
0x64fbd88,4,
0x64fbd8c,80,
0x64fbde0,16,
0x64fbdf0,168,
0x64fc2d4,168,
0x64fce14,560,
0x64fe05c,1184,
0x6500fc8,8,
0x6500fd0,40,
0x6500ff8,132,
0x6501474,36,
0x6502488,936,
0x6505304,468,
0x650647c,8,
0x6506484,8,
0x65064ac,8,
0x65064f4,8,
0x6506534,24,
0x65065b4,572,
0x650ed7c,1332,
0x6512c54,84,
0x6513100,36,
0x6513254,120,
0x6513524,324,
0x6514188,84,
0x65142e0,308,
0x651534c,8,
0x6515354,40,
0x65155e4,8,
0x65157a4,220,
0x6515f80,120,
0x65161dc,24,
0x651654c,132,
0x6518aec,4,
0x6518b10,28,
0x6518b38,312,
0x6519350,36,
0x651955c,56,
0x6519824,380,
0x651a6b8,504,
0x651c584,84,
0x651c684,24,
0x651cb58,368,
0x651e4dc,8,
0x651e634,340,
0x651fd40,40,
0x651fe30,264,
0x65210cc,104,
0x6521450,4,
0x6521460,124,
0x6522318,12,
0x6522370,344,
0x6522c78,88,
0x6523188,148,
0x6523604,12,
0x6523698,148,
0x6523b40,4,
0x6523b44,4,
0x6523b48,80,
0x6524528,64,
0x65245e8,24,
0x6524630,12,
0x65247e0,168,
0x6524fcc,732,
0x65260ec,24,
0x652628c,320,
0x652763c,100,
0x6527bf4,60,
0x6527e18,176,
0x65296d8,88,
0x65298d0,96,
0x6529c5c,28,
0x6529d04,252,
0x652a48c,192,
0x652acd4,108,
0x652af04,108,
0x652b178,104,
0x652b780,104,
0x652ba14,140,
0x652bf14,136,
0x652c614,156,
0x652cd24,496,
0x652e908,220,
0x652f350,76,
0x652fa44,732,
0x653493c,4,
0x6534940,56,
0x6534a60,248,
0x6535580,3820,
0x65434d0,184,
0x65438d8,288,
0x6544c70,8,
0x6545094,296,
0x6545928,60,
0x65459a0,288,
0x6546274,172,
0x6546ae8,64,
0x6546d84,112,
0x65473f8,80,
0x65495a0,28,
0x65495bc,100,
0x6549c3c,152,
0x654a5b8,256,
0x654b838,472,
0x654ce30,68,
0x654d140,40,
0x654d2d0,80,
0x654dd54,292,
0x654e850,108,
0x654f22c,444,
0x6550f44,308,
0x655253c,260,
0x65536dc,572,
0x6555be4,220,
0x6557144,28,
0x6557234,4,
0x65572a4,12,
0x6557a70,284,
0x6558870,320,
0x6559a74,32,
0x6559d20,204,
0x655b244,164,
0x655bb00,272,
0x655cddc,56,
0x655d06c,508,
0x655e3bc,92,
0x655f690,60,
0x655f6f4,64,
0x655fa64,24,
0x65603a4,416,
0x6561b88,624,
0x6563760,1744,
0x65699e8,88,
0x6569c94,88,
0x6569dfc,60,
0x6569f30,416,
0x656b424,140,
0x656b4b0,148,
0x656be34,376,
0x656d210,144,
0x656e0a4,288,
0x656e9fc,148,
0x656f9c0,480,
0x65708a8,152,
0x6571524,152,
0x6571b08,152,
0x65722ac,868,
0x65765bc,160,
0x6576a44,152,
0x6576e00,152,
0x65772b4,152,
0x6577c0c,152,
0x6578058,324,
0x6579728,296,
0x657abd4,508,
0x657c2c0,148,
0x657d2c4,268,
0x657e364,144,
0x657f838,312,
0x6580f94,124,
0x6581188,152,
0x6581634,136,
0x6581b6c,300,
0x6582a74,140,
0x65832c8,240,
0x6584c30,632,
0x658740c,180,
0x65882c4,1356,
0x658ce80,48,
0x658d7d0,140,
0x658dee4,124,
0x658e844,156,
0x658f3c4,272,
0x6590cf0,912,
0x6593ca8,144,
0x6594d10,2468,
0x65a2fe0,1004,
0x65a78f0,352,
0x65a9138,476,
0x65a9bb0,388,
0x65aa7b0,1816,
0x65b03b8,60,
0x65b04a8,60,
0x65b11c8,96,
0x65b1540,56,
0x65b1ae0,32,
0x65b1be0,36,
0x65b24d8,28,
0x65b2958,36,
0x65b2a18,424,
0x65b3a10,196,
0x65b46c4,180,
0x65b4fe8,188,
0x65b5aa8,300,
0x65b67b4,196,
0x65b75f0,196,
0x65b7f9c,188,
0x65b8920,172,
0x65b9384,188,
0x65b9f40,144,
0x65ba688,172,
0x65bb09c,172,
0x65bb938,192,
0x65bc3e0,144,
0x65bd0ec,124,
0x65bd964,544,
0x65be6cc,184,
0x65bf214,188,
0x65bfd50,324,
0x65c0e4c,192,
0x65c411c,236,
0x65c4954,172,
0x65c51fc,224,
0x65c61d4,224,
0x65c735c,224,
0x65c7e54,224,
0x65c92a0,172,
0x65c9f70,128,
0x65ca74c,196,
0x65cb92c,44,
0x65cbb70,124,
0x65cc1e8,128,
0x65cc8a8,608,
0x65cedb0,12,
0x65cee3c,100,
0x65cfa24,28,
0x65cfb08,44,
0x65cfb60,392,
0x65d18bc,344,
0x65d29d4,120,
0x65d39ac,596,
0x65d5600,176,
0x65d5d48,252,
0x65d7008,308,
0x65da9d0,252,
0x65db474,228,
0x65dbca4,212,
0x65dc96c,204,
0x65dd47c,300,
0x65de5f0,356,
0x65dfc54,296,
0x65e0c48,256,
0x65e1eb4,224,
0x65e2e58,152,
0x65e3dd8,228,
0x65e43f8,268,
0x65e52ac,368,
0x65e5c40,344,
0x65e7580,324,
0x65e86a0,108,
0x65e8d1c,288,
0x65e9ddc,196,
0x65eafc4,204,
0x65ec0b4,380,
0x65ecc80,228,
0x65eddc4,452,
0x65efa30,472,
0x65f10f0,168,
0x65f1bd0,156,
0x65f2924,676,
0x65f5e10,344,
0x65f65b8,308,
0x65f7db8,328,
0x65f9134,316,
0x65fa458,316,
0x65fbf5c,136,
0x65fc200,144,
0x65fc564,112,
0x65fca04,276,
0x65fe550,76,
0x65fe86c,8,
0x65fe8f4,76,
0x65feb2c,44,
0x65fee0c,8,
0x65feed8,8,
0x65feef0,8,
0x65fef30,4,
0x65fef68,8,
0x65fefd0,12,
0x65ff018,8,
0x65ff070,8,
0x65ff0bc,8,
0x65ff178,8,
0x65ff1b4,8,
0x65ff228,8,
0x65ff2a4,156,
0x66008cc,52,
0x6600bfc,104,
0x6600dac,272,
0x6603eb4,1024,
0x6606ae4,8,
0x6606bf0,96,
0x6606fac,48,
0x66073a0,8,
0x66073b0,48,
0x6607700,608,
0x6609b58,776,
0x660ce0c,876,
0x6610784,412,
0x6611c08,472,
0x66130dc,12,
0x66134e8,324,
0x6616c70,100,
0x661701c,8,
0x6617024,36,
0x6617048,140,
0x6617228,572,
0x6619fd8,124,
0x661baa8,5088,MeshDescriptionToProcMesh 网格描述转程序化网格
0x66364f4,44,
0x6636594,72,
0x663672c,192,
0x6636fdc,96,
0x663791c,40,
0x6637c28,496,
0x6638f3c,260,
0x6639a68,52,
0x6639bb8,52,
0x663a4e0,1872,
0x66443ac,568,
0x66460d4,104,
0x664613c,40,
0x6646164,264,
0x6646ef0,80,
0x6647d78,176,
0x6648b38,40,
0x6649034,612,
0x6649db8,812,
0x664f73c,36,
0x664f97c,36,
0x664fa4c,3008,
0x667b8f8,536,
0x667cc90,8,
0x667cd64,8,
0x667cd74,8,
0x667cd84,8,
0x667cecc,48,
0x667d1bc,148,
0x667d50c,48,
0x667d664,120,
0x667e074,8,
0x667e07c,12,
0x667e664,548,
0x6680620,120,
0x6680bb4,540,
0x6682334,300,
0x66835c0,152,
0x6683884,1124,
0x668984c,48,
0x66898ac,1348,
0x668d7dc,180,
0x668e100,88,
0x668e3fc,60,
0x668e438,320,
0x668f4ac,44,
0x668f8a0,36,
0x668fc80,960,
0x6693250,460,
0x669431c,756,
0x6696a64,248,
0x6697230,96,
0x6697a70,132,
0x669821c,68,
0x6698574,320,
0x669a4f4,36,
0x669a7f4,240,
0x669b15c,588,
0x669c910,52,
0x669cc18,8,
0x669cc44,40,
0x669d810,792,
0x66a438c,9820,_INIT_204 静态注册初始化
0x682469c,560,
0x68248cc,1448,UNiagaraDataInterfaceSkeletalMesh::GetTriCoordColor 骨骼网格三角顶点色采样给Niagara
0x6827684,1412,UNiagaraDataInterfaceSkeletalMesh::BindVertexSamplingFunction
0x682928c,964,
0x682a078,712,
0x682a680,684,
0x682b558,256,
0x682b954,8,
0x682b95c,288,
0x682c1c8,1096,
0x682d0e4,916,
0x682d838,420,
0x682dccc,36,
0x682dcf0,44,
0x682dd1c,44,
0x682dd48,44,
0x682dd74,48,
0x682dda4,1120,
0x682ea2c,8,
0x682ea34,792,
0x682fee8,504,
0x6830324,40,
0x683034c,40,
0x683039c,184,
0x6830620,36,
0x6830670,36,
0x68308a8,40,
0x6830920,40,
0x683106c,488,
0x6831824,164,
0x6831b24,336,
0x6831de8,8,
0x6831df4,4,
0x6831e10,8,
0x6831e20,8,
0x6831e38,8,
0x6831e54,8,
0x6831e70,4,
0x6831e88,4,
0x6831ec8,4,
0x6831edc,8,
0x6831ee8,16,
0x6832048,36,
0x68320a8,4,
0x68320bc,4,
0x68320e0,60,
0x683217c,4,
0x6832218,64,
0x6832358,20,
0x68323f8,64,
0x6832520,64,
0x683263c,132,
0x683293c,8,
0x6832944,36,
0x6832b5c,144,
0x6832ea4,4,
0x6832ff8,4,
0x6832ffc,4,
0x6833000,36,
0x68330a4,116,
0x6833570,684,
0x6833fec,188,
0x6834708,4,
0x6834924,328,
0x6834d14,4,
0x6834d64,584,
0x68356c0,4,
0x68356dc,8,
0x68356ec,156,
0x68357d8,156,
0x6835878,24,
0x6835a9c,4,
0x6835aa0,8,
0x6835aa8,8,
0x6835ab0,8,
0x6835ab8,8,
0x6835ac0,8,
0x6835ac8,156,
0x6835b68,24,
0x6835b84,8,
0x6835b94,8,
0x6835ba4,8,
0x6835c48,4,
0x6835d30,24,
0x6835d48,4,
0x6835d4c,8,
0x6835d54,8,
0x6835d5c,8,
0x6835d64,8,
0x6835d6c,8,
0x6835d74,156,
0x6835e14,24,
0x6835e2c,192,
0x6835eec,64,
0x6835f74,4,
0x6835f78,144,
0x6836050,156,
0x6836320,120,
0x6836578,296,
0x6836cac,4,
0x6836cb0,8,
0x6836cb8,8,
0x6836cc0,8,
0x6836cc8,8,
0x6836cd0,8,
0x6836d74,12,
0x6836d80,32,
0x68372b0,996,
0x683815c,1452,
0x68396bc,1764,
0x683c644,2400,
0x683f848,12,
0x683f9b0,28,
0x683f9e0,8,
0x683f9f8,4,
0x683fa00,404,
0x683feac,152,
0x6840218,316,
0x6840588,136,
0x68406a0,168,
0x6840b3c,8,
0x6840b4c,8,
0x6840b5c,8,
0x6840c00,8,
0x6840c08,28,
0x68415c8,1000,
0x6842eb0,4,
0x6842eb4,8,
0x6842ebc,8,
0x6842ed4,8,
0x6842f78,8,
0x6842f80,28,
0x6842f9c,3124,
0x684db7c,272,
0x684dc8c,272,
0x684dd9c,4,
0x684dda0,8,
0x684dda8,8,
0x684ddb0,8,
0x684ddb8,8,
0x684ddc0,8,
0x684de64,8,
0x684de6c,28,
0x684de88,1500,
0x68501d4,272,
0x68506e8,4,
0x68506f4,8,
0x685070c,8,
0x68507b0,8,
0x68507b8,28,
0x68507d4,792,
0x6852cc8,8,
0x6852cd0,8,
0x6852ce0,8,
0x6852cf0,156,
0x6853a48,8,
0x6853a58,156,
0x6854864,4,
0x6854868,8,
0x6854870,8,
0x6854878,8,
0x6854880,8,
0x6854888,8,
0x6854890,156,
0x685558c,272,
0x685576c,28,
0x68563c4,272,
0x68572f0,4,
0x68572f4,8,
0x68572fc,8,
0x6857304,8,
0x685730c,8,
0x6857314,8,
0x685731c,156,
0x68573c0,28,
0x6857ffc,272,
0x685810c,4,
0x6858110,8,
0x6858118,8,
0x6858120,8,
0x6858128,8,
0x6858130,8,
0x6858138,156,
0x68581d4,8,
0x68581dc,28,
0x68581f8,3104,"GetTriCoordSkinnedData<mode2,Noop,Noop> 蒙皮三角数据"
0x685a194,4,
0x685a1b0,8,
0x685a1c0,156,
0x685af94,272,
0x685b16c,8,
0x685b174,28,
0x685bea4,272,"Bind<mode1,TransformHandler,VertexAccessor<true>>"
0x685bfb4,4,
0x685bfb8,8,
0x685bfc0,8,
0x685bfc8,8,
0x685bfd8,8,
0x685c07c,8,
0x685c084,28,
0x685c0a0,3548,"GetTriCoordSkinnedData<mode1,TransformHandler,VertexAccessor> 蒙皮三角数据"
0x6865270,272,
0x6865384,8,
0x6865394,8,
0x68653a4,8,
0x6865448,8,
0x6865450,28,
0x686546c,3776,"GetTriCoordSkinnedData<mode1,Noop,VertexAccessor<true>>"
0x6876bf0,4,
0x6876bf4,8,
0x6876bfc,8,
0x6876c04,8,
0x6876c0c,8,
0x6876c14,8,
0x6876c1c,156,
0x6876cb8,8,
0x6876cc0,28,
0x6876cdc,916,
0x6877180,272,
0x68773a0,4,
0x68773a4,8,
0x68773ac,8,
0x68773b4,8,
0x68773bc,8,
0x68773c4,8,
0x68773cc,156,
0x6877968,4,
0x687796c,8,
0x6877974,8,
0x687797c,8,
0x6877984,8,
0x687798c,8,
0x6877994,156,
0x6877a30,8,
0x6877a38,28,
0x6877a54,2644,GetTriCoordUV<FSkelMeshVertexAccessor<false>> 三角UV采样
0x6879a20,28,
0x6879e88,8,
0x6879e90,8,
0x6879e98,8,
0x6879ea0,8,
0x6879ea8,8,
0x6879eb0,152,
0x6879f88,8,
0x687a02c,24,
0x687a044,224,
0x687a204,224,
0x687a508,8,
0x687a510,8,
0x687a520,8,
0x687a530,156,
0x687a85c,384,
0x687b3e4,272,
0x687b7ec,8,
0x687b7f4,8,
0x687b804,8,
0x687b8b8,28,
0x687bb38,224,
0x687bdd8,272,
0x687c5a4,4,
0x687c5c8,8,
0x687c674,28,
0x687cd70,4,
0x687cd74,8,
0x687cd7c,8,
0x687cd84,8,
0x687cd9c,156,
0x687d3dc,8,
0x687d490,8,
0x687da20,272,
0x687dc6c,156,
0x687e248,8,
0x687e2ec,8,
0x687e2f4,28,
0x687e310,1332,
0x6880d9c,24,
0x6880fc0,272,
0x6881798,28,
0x6881fac,272,
0x6882838,8,
0x68828ec,8,
0x6882f8c,4,
0x6882fa8,8,
0x6883054,8,
0x6883078,1660,GetVertexSkinnedData<mode0> 顶点蒙皮数据
0x6888170,8,
0x6888180,8,
0x688822c,8,
0x6888250,1984,"GetVertexSkinnedData<mode0,TransformHandler>"
0x68900ec,272,
0x6890484,8,
0x6890538,28,
0x68907e8,8,
0x689089c,8,
0x6890ab4,272,
0x6891208,28,
0x68919cc,168,
0x6891e48,172,
0x6892320,4288,_INIT_219 静态注册初始化
0x68d2884,80,
0x68d2a88,568,
0x68d3728,540,
0x68d480c,324,
0x68d54e0,92,
0x68d558c,544,
0x68d6b7c,344,
0x68d77e8,344,
0x68d823c,584,
0x68d9424,560,
0x68da4c0,740,
0x68db714,8,
0x68db71c,44,
0x68db8cc,72,
0x68dbbb0,416,
0x68dd4b8,124,
0x68dd574,16,
0x68dd6b8,984,
0x68debf4,8,
0x68dec98,8,
0x68deec0,8,
0x68deed0,8,
0x68def8c,28,
0x68df8e0,600,
0x68e1cbc,4,
0x68e301c,8,
0x68e302c,8,
0x68e303c,8,
0x68e3044,156,
0x68e3594,8,
0x68e35ac,8,
0x68e3658,28,
0x68e3940,4,
0x68e3954,8,
0x68e3964,8,
0x68e3a10,28,
0x68e4378,120,
0x68e4648,728,
0x68e6178,148,
0x68e62c0,4,
0x68e6acc,8,
0x68e6adc,8,
0x68e6aec,156,
0x68e6f14,244,
0x68e701c,8,
0x68e70d0,8,
0x68e73f8,8,
0x68e7408,8,
0x68e74bc,88,
0x68e7588,8,
0x68e7634,28,
0x68e77a4,8,
0x68e7858,8,
0x68e787c,424,
0x68e87f4,604,
0x68ea580,4,
0x68eaee0,4,
0x68eaefc,8,
0x68eaf0c,156,
0x68eb428,4,
0x68eb42c,8,
0x68eb434,8,
0x68eb444,8,
0x68eb454,156,
0x68eb9e4,136,
0x68eba90,8,
0x68ebb3c,28,
0x68ebd10,152,
0x68ebe78,28,
0x68ec260,8,
0x68ec268,8,
0x68ec278,8,
0x68ec32c,28,
0x68ec764,8,
0x68ec76c,8,
0x68ec77c,8,
0x68ec78c,156,
0x68ed278,120,
0x68ed2f0,600,
0x68ef064,144,
0x68ef1b8,4,
0x68efaa4,432,
0x68f0368,8,
0x68f0388,156,
0x68f0640,296,
0x68f11b8,4,
0x68f11d4,8,
0x68f11e4,156,
0x68f1cf8,600,FNiagaraDataInterfaceArrayImpl<FLinearColor>::PushToRenderThread_Internal LinearColor数组推渲染线程
0x68f3a78,4,
0x68f3d54,4,
0x68f3d58,984,
0x68f4f94,8,
0x68f505c,296,
0x68f5d2c,8,
0x68f62f8,1196,
0x68f8c54,4,
0x68f8c58,8,
0x68f8c60,8,
0x68f8c68,8,
0x68f8c70,8,
0x68f8c78,8,
0x68f8c80,156,
0x68f8e08,240,
0x68f8ef8,4,
0x68f8f0c,8,
0x68f8f1c,8,
0x68f8fc0,8,
0x68f9194,4,
0x68f91a8,8,
0x68f91b8,8,
0x68f925c,240,
0x68f944c,8,
0x68f946c,156,
0x68f98d8,4,
0x68f98ec,8,
0x68f98fc,8,
0x68f99a8,28,
0x68f9af4,8,
0x68f9b04,8,
0x68f9ba8,8,
0x68f9bcc,456,
0x68fac98,708,
0x68fc7b0,4,
0x68fc8c4,32,
0x68fc8e4,28,
0x68fc900,16,
0x68fc910,304,
0x68fce1c,4,
0x68fce20,8,
0x68fce28,8,
0x68fce30,8,
0x68fce38,8,
0x68fce40,8,
0x68fce48,156,
0x68fd0c0,4,
0x68fd0dc,8,
0x68fd188,8,
0x68fd35c,4,
0x68fd380,8,
0x68fd514,244,
0x68fd8f8,4,
0x68fd924,156,
0x68fdd08,8,
0x68fdd10,8,
0x68fdd18,8,
0x68fdd28,8,
0x68fddcc,8,
0x68fddf0,464,
0x68feec0,684,
0x68ff7d4,48,
0x68ff990,12,
0x68ff9a4,8,
0x68ff9bc,172,
0x68ffef4,688,
0x6900ca0,80,
0x6901030,448,
0x690191c,148,
0x6901acc,8,
0x6901ad4,12,
0x6901b60,8,
0x6901b68,12,
0x6901bf8,8,
0x6901c10,4,
0x6901c14,76,
0x6901dc8,12,
0x6901e68,8,
0x6901ea4,40,
0x69021e8,168,
0x6902718,92,
0x6902c14,80,
0x6902e04,4,
0x6902e98,484,
0x6905bdc,480,UNiagaraDataInterfaceColorCurve 颜色曲线DI构造
0x6906344,212,
0x6906b08,260,
0x69077f4,152,
0x690788c,532,
0x6908c34,80,
0x6908c84,80,
0x6908cd4,28,
0x6908cf0,64,
0x6908d30,16,
0x6908d40,36,
0x6908d64,80,
0x6908dec,340,
0x69091d8,132,
0x69092d8,120,
0x6909dd0,116,
0x6909e44,180,
0x690a24c,8,
0x690a364,960,
0x690ac48,8,
0x690ac50,28,
0x690ac6c,28,
0x690ac88,28,
0x690b014,4,
0x690b168,116,
0x690b234,152,
0x690b810,272,
0x690c60c,52,
0x690c724,36,
0x690c748,1716,
0x6911018,40,
0x6911040,504,
0x6912ca8,19160,UNiagaraDataInterfaceGrid2DCollection::GetFunctions 网格集合DI函数签名
0x6994250,164,
0x6994524,384,
0x6994a08,8,
0x6994a50,72,
0x6994d88,36,
0x6994ed8,4,
0x6994edc,4,
0x6994f9c,36,
0x6994fdc,8,
0x69950a8,36,
0x699516c,124,
0x699544c,8,
0x69954d4,436,
0x69961c0,8,
0x69961d8,156,
0x6996608,320,
0x6996d00,8,
0x6996d08,8,
0x6996d20,8,
0x6996dc8,24,
0x6996dec,8,
0x6996dfc,8,
0x6996eac,24,
0x6996ec8,8,
0x6996ee0,8,
0x6996f8c,4,
0x6998aa8,8,
0x6998ab8,8,
0x6998b80,4,
0x6998b94,8,
0x6998bac,156,
0x6998d9c,8,
0x6998db4,156,
0x6998e88,8,
0x6998f38,24,
0x6998f5c,8,
0x6998f6c,8,
0x6998f7c,156,
0x69992b8,8,
0x69992c8,8,
0x6999374,4,
0x699c634,40,
0x699c6b0,8,
0x699c6b8,8,
0x699c6c0,12,
0x699c84c,136,
0x699ca28,124,
0x699cae4,12,
0x699caf0,52,
0x699cb40,372,
0x699d22c,140,
0x699d380,52,
0x699d5d8,340,
0x699db48,124,
0x699e0fc,572,
0x699ed94,652,
0x699fdd0,240,
0x69a00f8,688,
0x69a12f8,344,
0x69a17b4,1084,
0x69a30c0,696,
0x69a3e20,164,
0x69a41f8,8,
0x69a4208,8,
0x69a42ec,8,
0x69a42f4,8,
0x69a4304,8,
0x69a43e8,8,
0x69a4400,8,
0x69a44b8,32,
0x69a45e0,8,
0x69a45f0,8,
0x69a46d4,8,
0x69a46e4,8,
0x69a47a0,12,
0x69a47f8,164,
0x69a4b9c,32,
0x69a4cc4,8,
0x69a4cd4,8,
0x69a4d88,12,
0x69a54ac,676,
0x69a6db8,440,
0x69a7bc8,520,
0x69a8904,80,
0x69a8ec8,288,
0x69a965c,80,
0x69a99e8,288,
0x69aa460,336,
0x69ab0d0,20,
0x69ab3bc,80,
0x69ab5b0,296,
0x69abde0,320,
0x69acac0,80,
0x69accf4,8,
0x69accfc,12,
0x69acf6c,92,
0x69ad2e4,288,
0x69adca8,288,
0x69ae640,456,
0x69af074,92,
0x69af458,152,
0x69afec0,252,
0x69b03dc,152,
0x69b073c,728,
0x69b16b4,428,
0x69b28e8,12504,_INIT_224 静态注册初始化(Niagara)
0x6b07648,148,
0x6b07764,8,
0x6b07778,12,
0x6b077c0,8,
0x6b077c8,8,
0x6b077e0,4,
0x6b077f4,8,
0x6b07818,8,
0x6b078cc,12,
0x6b078e8,8,
0x6b07900,12,
0x6b07924,8,
0x6b07954,8,
0x6b0796c,8,
0x6b07994,8,
0x6b079b0,8,
0x6b079dc,8,
0x6b07a60,8,
0x6b07a94,8,
0x6b07ad8,4,
0x6b07b6c,4,
0x6b07bb8,8,
0x6b07bec,8,
0x6b07c14,32,
0x6b07c88,8,
0x6b07cb4,8,
0x6b07cf0,36,
0x6b07db4,4,
0x6b07e20,92,
0x6b08050,8,
0x6b08068,8,
0x6b08164,8,
0x6b0817c,8,
0x6b08190,8,
0x6b081bc,8,
0x6b082d4,8,
0x6b08308,8,
0x6b08350,8,
0x6b08370,16,
0x6b083b0,8,
0x6b083ec,8,
0x6b08470,12,
0x6b084b8,8,
0x6b084f8,8,
0x6b08500,8,
0x6b085ec,8,
0x6b086a8,4,
0x6b086cc,8,
0x6b087bc,8,
0x6b08800,8,
0x6b08944,8,
0x6b08984,8,
0x6b089b8,8,
0x6b089d0,8,
0x6b089ec,8,
0x6b08a14,4,
0x6b08ad4,12,
0x6b08b24,8,
0x6b08b70,4,
0x6b08bec,8,
0x6b08cac,8,
0x6b08cf4,8,
0x6b08d0c,8,
0x6b08e18,8,
0x6b08e60,8,
0x6b08e7c,8,
0x6b08eb0,8,
0x6b08edc,44,
0x6b08fac,184,
0x6b09570,60,
0x6b095f8,8,
0x6b0975c,8,
0x6b09784,12,
0x6b097f0,8,
0x6b09810,8,
0x6b098a0,8,
0x6b098c4,8,
0x6b098dc,8,
0x6b099b4,8,
0x6b099d0,8,
0x6b09a14,8,
0x6b09c04,4,
0x6b09c24,8,
0x6b09c78,8,
0x6b09c98,4,
0x6b09cc4,8,
0x6b09ce0,284,
0x6b0a32c,8,
0x6b0a344,8,
0x6b0a360,8,
0x6b0a38c,8,
0x6b0a4dc,8,
0x6b0a4fc,8,
0x6b0a528,8,
0x6b0a56c,4,
0x6b0a618,8,
0x6b0a63c,8,
0x6b0a66c,4,
0x6b0a73c,12,
0x6b0a77c,8,
0x6b0a79c,8,
0x6b0a8f8,148,
0x6b0abc8,12,
0x6b0ac24,8,
0x6b0adbc,188,
0x6b0b0ac,8,
0x6b0b0ec,32,
0x6b0b23c,8,
0x6b0b348,8,
0x6b0b37c,8,
0x6b0b3b4,8,
0x6b0b494,16,
0x6b0b594,8,
0x6b0b5a8,8,
0x6b0b5d0,8,
0x6b0b5e4,8,
0x6b0b6c8,8,
0x6b0b6fc,8,
0x6b0b71c,32,
0x6b0b764,36,
0x6b0b960,12,
0x6b0b9b0,8,
0x6b0ba08,8,
0x6b0ba38,4,
0x6b0ba4c,8,
0x6b0ba90,8,
0x6b0bae4,12,
0x6b0bb2c,8,
0x6b0bb6c,8,
0x6b0bc34,12,
0x6b0d1c0,52,
0x6b0d314,52,
0x6b0d5c0,56,
0x6b0d7a8,188,
0x6b0df40,340,
0x6b0eb58,188,
0x6b0ee60,76,
0x6b0f028,12,
0x6b0f034,12,
0x6b0f04c,76,
0x6b0f28c,8,
0x6b0f350,48,
0x6b0f3d4,80,
0x6b0f540,188,
0x6b0fbd4,80,
0x6b0fd1c,12,
0x6b0fdc4,80,
0x6b0ff7c,52,
0x6b100f4,4,
0x6b100f8,188,
0x6b11018,180,
0x6b115f8,252,
0x6b11d34,192,
0x6b122a4,76,
0x6b1233c,76,
0x6b125a8,76,
0x6b127bc,180,
0x6b12c54,184,
0x6b13134,4,
0x6b13194,76,
0x6b13344,52,
0x6b13518,76,
0x6b13a00,36,
0x6b13a9c,4,
0x6b13ab8,8,
0x6b13adc,8,
0x6b13b64,8,
0x6b13bb8,32,
0x6b13c20,8,
0x6b13c34,8,
0x6b13c60,8,
0x6b13c88,4,
0x6b13ce0,8,
0x6b13d00,8,
0x6b13d1c,8,
0x6b13d3c,32,
0x6b13fb8,12,
0x6b1408c,4,
0x6b140b0,8,
0x6b140b8,4,
0x6b140cc,8,
0x6b140f0,8,
0x6b14108,8,
0x6b14124,8,
0x6b14164,12,
0x6b141ac,8,
0x6b141cc,32,
0x6b14260,8,
0x6b14280,4,
0x6b142b4,4,
0x6b143e8,8,
0x6b14410,12,
0x6b14478,188,
0x6b14910,8,
0x6b14954,32,
0x6b14a28,8,
0x6b14a54,8,
0x6b14a80,8,
0x6b14b58,8,
0x6b14b70,12,
0x6b14bec,8,
0x6b14c50,8,
0x6b14cf8,8,
0x6b14d1c,8,
0x6b14d44,32,
0x6b14e10,8,
0x6b14e4c,8,
0x6b14e80,44,
0x6b1518c,8,
0x6b15254,8,
0x6b1526c,8,
0x6b15288,8,
0x6b1537c,8,
0x6b15398,8,
0x6b1540c,8,
0x6b15f0c,4,
0x6b16020,52,
0x6b1622c,28,
0x6b16304,116,
0x6b165fc,76,
0x6b16738,184,
0x6b16ca8,188,
0x6b17270,12,
0x6b172c8,80,
0x6b174d0,52,
0x6b176a0,16,
0x6b17788,12,
0x6b17824,76,
0x6b17a2c,52,
0x6b17cd8,180,
0x6b183f4,192,
0x6b18a74,184,
0x6b18eb4,4,
0x6b18f78,192,
0x6b19550,188,
0x6b19c88,64,
0x6b19dc8,188,
0x6b1a34c,188,
0x6b1a8e4,56,UNiagaraPreviewAxis_InterpParamLinearColor
0x6b1accc,12,
0x6b1acd8,76,
0x6b1adbc,76,
0x6b1b0f4,4,
0x6b1b1b8,12,
0x6b1b2dc,72,
0x6b1b428,4,
0x6b1b47c,80,
0x6b1b6bc,12,
0x6b1b714,80,
0x6b1b9b0,76,
0x6b1bc50,92,
0x6b1cb4c,4,
0x6b1cbac,76,
0x6b1cc94,4,
0x6b1cd38,12,
0x6b1cd90,80,
0x6b1cfd0,80,
0x6b1d30c,76,
0x6b1d508,12,
0x6b1d5b4,16,
0x6b1d630,12,
0x6b1d698,52,
0x6b1d8dc,188,
0x6b1dcc8,4,
0x6b1dcf4,8,
0x6b1dd14,8,
0x6b1dd28,8,
0x6b1dd64,8,
0x6b1ddb4,8,
0x6b1ddf0,12,
0x6b1de58,184,
0x6b1e340,4,
0x6b1e390,8,
0x6b1e3c4,8,
0x6b1e420,8,
0x6b1e440,8,
0x6b1e474,8,
0x6b1e4b0,4,
0x6b1e54c,8,
0x6b1e588,168,
0x6b1e858,8,
0x6b1e8a0,8,
0x6b1e8b8,8,
0x6b1e8f4,8,
0x6b1e918,8,
0x6b1e948,4,
0x6b1e9bc,8,
0x6b1e9e0,8,
0x6b1ebac,12,
0x6b1ee04,12,
0x6b1eed8,188,
0x6b1f384,12,
0x6b1f39c,8,
0x6b1f3a4,8,
0x6b1f3c8,8,
0x6b1f3e8,4,
0x6b1f40c,8,
0x6b1f428,8,
0x6b1f468,12,
0x6b1f49c,12,
0x6b1f4f8,8,
0x6b1f528,8,
0x6b1f54c,8,
0x6b1f588,8,
0x6b1f5ec,8,
0x6b1f660,8,
0x6b1f73c,4,
0x6b1f790,8,
0x6b1f7bc,8,
0x6b1f9f4,8,
0x6b1fa58,8,
0x6b1fa68,4,
0x6b1fa94,8,
0x6b1fabc,4,
0x6b1faf4,8,
0x6b1fb20,8,
0x6b1fb54,8,
0x6b1fb7c,32,
0x6b1fbf0,8,
0x6b1fc24,8,
0x6b1fcbc,8,
0x6b1fcf8,8,
0x6b1fd38,8,
0x6b20398,284,
0x6b20aa0,52,
0x6b20b68,8,
0x6b20b90,8,
0x6b20c7c,8,
0x6b20ca0,8,
0x6b20cd4,8,
0x6b20d28,4,
0x6b20d80,64,
0x6b20fa4,12,
0x6b21000,8,
0x6b21050,48,
0x6b21160,8,
0x6b21260,12,
0x6b212a0,8,
0x6b212c0,8,
0x6b213b8,12,
0x6b22780,52,
0x6b22868,92,
0x6b22af8,12,
0x6b22b04,92,
0x6b22f04,4,
0x6b22f58,80,
0x6b23000,80,
0x6b23480,12,
0x6b235cc,4,
0x6b235d4,188,
0x6b23970,56,
0x6b23cc0,8,
0x6b23cc8,188,
0x6b24160,16,
0x6b242a8,8,
0x6b250f0,4,
0x6b250f4,92,
0x6b251a8,92,
0x6b2548c,52,
0x6b25650,92,
0x6b25a60,12,
0x6b25a6c,12,
0x6b25aa0,12,
0x6b25bcc,8,
0x6b25c94,12,
0x6b25cf4,80,
0x6b25e48,76,
0x6b2602c,12,
0x6b260d4,80,
0x6b262dc,92,
0x6b26698,12,
0x6b26700,52,
0x6b26890,76,
0x6b26b24,92,
0x6b26d78,52,
0x6b26f4c,76,
0x6b27184,92,
0x6b27460,76,
0x6b27734,12,
0x6b27740,92,
0x6b27a20,48,
0x6b27bec,76,
0x6b27e10,1088,
0x6b29540,8,
0x6b29560,8,
0x6b2957c,8,
0x6b29594,8,
0x6b295b0,8,
0x6b2961c,8,
0x6b29634,8,
0x6b29698,8,
0x6b29db0,412,
0x6b2a384,96,
0x6b2a544,8,
0x6b2ac54,8,
0x6b2ac7c,8,
0x6b2acc0,8,
0x6b2ace0,8,
0x6b2acfc,8,
0x6b2ad20,8,
0x6b2ae30,8,
0x6b2ae7c,8,
0x6b2aeb4,4,
0x6b2aedc,8,
0x6b2aef0,8,
0x6b2af14,8,
0x6b2af3c,8,
0x6b2b008,8,
0x6b2b028,8,
0x6b2b04c,8,
0x6b2b0ac,8,
0x6b2b0f4,4,
0x6b2b12c,8,
0x6b2b1b0,8,
0x6b2b1e4,8,
0x6b2b55c,4,
0x6b2b634,8,
0x6b2b6e8,8,
0x6b2b700,8,
0x6b2b710,4,
0x6b2b73c,8,
0x6b2b758,176,
0x6b2bba4,8,
0x6b2bc18,8,
0x6b2bc4c,8,
0x6b2beb8,12,
0x6b2bee4,12,
0x6b2bf08,8,
0x6b2bf30,4,
0x6b2bf5c,8,
0x6b2bf70,8,
0x6b2c028,8,
0x6b2c048,8,
0x6b2c064,8,
0x6b2c084,32,
0x6b2c0bc,8,
0x6b2c0e4,24,
0x6b2c130,8,
0x6b2c1b0,12,
0x6b2c1f0,8,
0x6b2c208,8,
0x6b2c3ec,4,
0x6b2c404,132,
0x6b2c67c,508,
0x6b2d1fc,24,
0x6b2d254,8,
0x6b2d27c,4,
0x6b2d2bc,12,
0x6b2d314,8,
0x6b2d3ac,56,
0x6b2d4dc,8,
0x6b2d5ac,4,
0x6b2d5ec,4,
0x6b2d608,8,
0x6b2d634,8,
0x6b2d68c,8,
0x6b2d6c8,12,
0x6b2d73c,8,
0x6b2d780,4,
0x6b2d7c8,8,
0x6b2d830,8,
0x6b2d86c,8,
0x6b2d8c0,8,
0x6b2d8fc,4,
0x6b2d954,12,
0x6b2d9c0,4,
0x6b2da50,8,
0x6b2db18,8,
0x6b2dba0,4,
0x6b2dc1c,8,
0x6b2dc74,8,
0x6b2dcb0,12,
0x6b2dd24,8,
0x6b2dd50,8,
0x6b2dd8c,8,
0x6b2de5c,12,
0x6b2deb4,8,
0x6b2defc,8,
0x6b2df28,8,
0x6b2df5c,8,
0x6b2df90,8,
0x6b2e060,8,
0x6b2e0a4,32,
0x6b2e118,8,
0x6b2e168,8,
0x6b2e240,8,
0x6b2e2b4,4,
0x6b2e2e4,4,
0x6b2e310,4,
0x6b2e408,8,
0x6b2e43c,8,
0x6b2e48c,8,
0x6b2e4b4,8,
0x6b2e4f4,8,
0x6b2e51c,8,
0x6b2e5dc,12,
0x6b2e634,8,
0x6b2e694,8,
0x6b2e6d4,8,
0x6b2e710,8,
0x6b2e768,8,
0x6b2e7bc,4,
0x6b2fd60,80,
0x6b2ffa0,92,
0x6b3015c,8,
0x6b30288,8,
0x6b302bc,8,
0x6b302e4,32,
0x6b30514,8,
0x6b30534,8,
0x6b30540,8,
0x6b30560,8,
0x6b30668,8,
0x6b30680,12,
0x6b306dc,8,
0x6b306f4,8,
0x6b30778,16,
0x6b30790,8,
0x6b307b0,4,
0x6b307e8,8,
0x6b3082c,8,
0x6b30870,32,
0x6b31040,8,
0x6b31048,64,
0x6b31390,568,
0x6b32514,244,
0x6b3278c,164,
0x6b32dec,76,
0x6b32f10,8,
0x6b32fe0,56,
0x6b33240,76,
0x6b3328c,76,
0x6b33474,188,
0x6b338e0,188,
0x6b33d1c,944,
0x6b36a98,880,
0x6b39270,92,
0x6b398dc,600,
0x6b3b5c4,212,
0x6b3b784,124,
0x6b3b860,164,
0x6b3bb38,216,
0x6b3beb8,1120,
0x6b3e47c,172,
0x6b3e840,8,
0x6b3e864,56,
0x6b3ea24,356,
0x6b3fc70,4,
0x6b3fe64,8,
0x6b3fe6c,28,
0x6b3fe88,52,
0x6b3ff50,4,
0x6b3ff54,188,
0x6b4015c,996,
0x6b40eec,404,
0x6b42064,208,
0x6b42798,332,
0x6b42938,892,
0x6b442dc,64,
0x6b4447c,36,
0x6b4450c,360,
0x6b45484,196,
0x6b45b80,200,
0x6b462dc,360,
0x6b46fa4,460,
0x6b47900,12,
0x6b47a6c,4,
0x6b47a70,4,
0x6b47a84,4,
0x6b47a8c,4,
0x6b47a98,20,
0x6b47d80,332,
0x6b48714,20,
0x6b48d9c,208,
0x6b49e84,4,
0x6b49e90,4,
0x6b49fdc,68,
0x6b4a058,64,
0x6b4a5d4,4,
0x6b4a6b0,12,
0x6b4ab2c,1900,
0x6b4d174,144,
0x6b4d604,156,
0x6b4d8c8,4,
0x6b4d8dc,8,
0x6b4d8f4,8,
0x6b4d9bc,48,
0x6b4db54,140,
0x6b4e5a4,100,
0x6b4e608,160,
0x6b4e910,8,
0x6b4e938,36,
0x6b4e9ec,316,
0x6b4f19c,12,
0x6b4f264,8,
0x6b4f26c,12,
0x6b4f30c,140,
0x6b4f470,80,
0x6b4f79c,428,
0x6b50274,12,
0x6b50280,76,
0x6b5041c,52,
0x6b5069c,12,
0x6b50764,4,
0x6b50788,8,
0x6b507d4,8,
0x6b507f0,8,
0x6b5081c,8,
0x6b50924,8,
0x6b50948,8,
0x6b50a5c,8,
0x6b50b34,8,
0x6b50b4c,8,
0x6b50b70,8,
0x6b50b8c,8,
0x6b50bec,8,
0x6b50c18,8,
0x6b50c44,8,
0x6b50ea4,8,
0x6b50ed8,60,
0x6b510b8,8,
0x6b510dc,8,
0x6b51134,8,
0x6b511f0,8,
0x6b51210,4,
0x6b5123c,8,
0x6b51258,336,
0x6b52094,496,
0x6b53890,8,
0x6b538a4,52,
0x6b53b68,136,
0x6b53eb4,32,SetVertexBuffer(Niagara VF)
0x6b53f44,356,
0x6b5472c,188,
0x6b5506c,12,
0x6b5518c,4,IMPLEMENT_MODULE_NiagaraVertexFactories 模块实现
0x6b55190,100,
0x6b552e8,16,
0x6b55360,36,~FNiagaraSpriteVertexFactory
0x6b556d0,200,
0x6b55d10,200,
0x6b56350,200,
0x6b568c8,200,
0x6b56f08,200,
0x6b573b8,200,
0x6b576d8,200,
0x6b57ea8,28,
0x6b58374,200,
0x6b58a7c,200,
0x6b59184,200,
0x6b59a14,8,
0x6b59bac,196,
0x6b5a1e8,196,
0x6b5a988,200,
0x6b5af00,200,
0x6b5b6d0,200,
0x6b5bea0,200,
0x6b5c5a8,200,
0x6b5cbe8,200,
0x6b5d47c,200,
0x6b5db84,200,
0x6b5e108,448,
0x6b5ef90,100,
0x6b5f3a4,1076,
0x6b62704,724,
0x6b652d4,4,
0x6b65870,316,
0x6b65b34,300,
0x6b65ef0,24,
0x6b65f2c,52,
0x6b65fb4,16,
0x6b65fe8,144,
0x6b667c0,88,
0x6b6698c,64,
0x6b67110,24,
0x6b67128,20,
0x6b67154,16,
0x6b67174,16,
0x6b676f0,328,
0x6b67bbc,316,
0x6b67fbc,312,
0x6b68190,160,
0x6b68388,1352,
0x6b6b7ec,24,
0x6b6b804,32,
0x6b6b864,96,
0x6b6c194,140,
0x6b6c2f4,92,
0x6b6c474,1712,
0x6b6f46c,496,
0x6b70838,836,
0x6b72894,80,
0x6b732dc,624,
0x6b736d4,140,
0x6b7393c,100,
0x6b73a2c,828,
0x6b74a84,172,
0x6b74d64,1400,
0x6b78378,184,
0x6b78520,8,
0x6b78528,60,
0x6b78564,236,
0x6b78728,4,
0x6b7884c,820,
0x6b7a200,8,
0x6b7a208,192,
0x6b7a388,4,
0x6b7a390,280,
0x6b7a680,36,
0x6b7a788,368,
0x6b7adb8,120,
0x6b7b348,8,
0x6b7b350,336,
0x6b7b7d8,8,
0x6b7b7e0,124,
0x6b7b9e0,176,
0x6b7ba90,280,
0x6b7d190,212,
0x6b7d264,1148,
0x6b7eb60,140,
0x6b7ecdc,520,
0x6b7f8a4,52,
0x6b7f8d8,52,
0x6b7f90c,52,
0x6b7f940,56,
0x6b7f978,632,
0x6b7fe90,248,
0x6b800c8,116,
0x6b8013c,196,
0x6b80434,608,
0x6b80b6c,120,
0x6b82c94,2016,
0x6b85d0c,128,
0x6b85e0c,72,
0x6b85ffc,212,UAzureHTMLTextBlock::SetColorAndOpacity
0x6b862b0,428,
0x6b87c58,956,
0x6b89370,624,
0x6b898f0,96,
0x6b89958,76,
0x6b89aa4,532,
0x6b8a21c,72,
0x6b8a2f4,132,
0x6b8a5f8,584,
0x6b8cab4,212,
0x6b8ce38,124,
0x6b8cfe8,100,
0x6b8d04c,612,
0x6b8d778,20,
0x6b8d78c,840,
0x6b8fa74,52,
0x6b8fb38,296,
0x6b9031c,620,
0x6b90bd4,16,
0x6b90c00,160,
0x6b90f30,64,
0x6b90f70,796,
0x6b92168,172,
0x6b92234,32,
0x6b92498,524,
0x6b932cc,204,
0x6b939a8,360,
0x6b93f88,316,
0x6b946e0,512,
0x6b95104,48,
0x6b95134,196,
0x6b951f8,600,
0x6b95e54,32,
0x6b95e74,584,
0x6b96c70,516,
0x6b9741c,56,
0x6b9780c,8,
0x6b97824,108,
0x6b97d08,412,
0x6b987d4,84,
0x6b9902c,396,
0x6b997dc,340,
0x6b99d74,360,
0x6b9a508,36,
0x6b9a540,328,
0x6b9a998,176,
0x6b9af10,4,
0x6b9af1c,40,
0x6b9b17c,176,
0x6b9b310,104,
0x6b9b804,4,
0x6b9b808,344,
0x6b9bbb0,8,
0x6b9bf54,4,
0x6b9bf58,8,
0x6b9bf94,192,
0x6b9c558,36,
0x6b9c8cc,36,
0x6b9c97c,140,
0x6b9d4e0,36,
0x6b9d5b0,180,
0x6b9d6d4,56,
0x6b9da78,384,
0x6b9e100,36,
0x6b9e124,16,
0x6b9e71c,4,
0x6b9e904,164,
0x6b9f0ec,352,
0x6b9f6d4,8,
0x6b9f6e0,116,
0x6b9f9ec,336,
0x6b9fedc,288,
0x6ba0250,344,
0x6ba0b34,8,
0x6ba0b3c,184,
0x6ba0eac,308,
0x6ba1574,192,
0x6ba1b24,400,
0x6ba2918,316,
0x6ba2e18,520,
0x6ba9690,636,
0x6baab10,796,
0x6babdc4,344,
0x6bac16c,1420,
0x6baff04,1236,
0x6bb2928,4,
0x6bb292c,288,
0x6bb32c4,516,
0x6bb3d28,120,
0x6bb3ff8,596,
0x6bb4b34,4,
0x6bb4b50,4,
0x6bb500c,152,
0x6bb53ac,624,
0x6bb63e8,8,
0x6bb63f0,184,
0x6bb6660,256,
0x6bb69a8,320,
0x6bb7098,344,
0x6bb7a80,28,
0x6bb7ab8,28,
0x6bb7fb0,272,
0x6bb828c,344,
0x6bb8c78,540,
0x6bba3b4,400,
0x6bbb9a8,1728,
0x6bc0b80,140,
0x6bc0d28,4,
0x6bc0d2c,8,
0x6bc0d34,8,
0x6bc0d3c,8,
0x6bc0d70,36,
0x6bc0e58,64,
0x6bc0f2c,8,
0x6bc0f68,36,
0x6bc10d4,528,
0x6bc1d54,76,
0x6bc1f50,8,
0x6bc1fb0,12,
0x6bc203c,408,
0x6bc3178,652,
0x6bc51c4,348,
0x6bc57cc,792,
0x6bc646c,344,
0x6bc6920,44,
0x6bc6a34,56,
0x6bc6c38,4,
0x6bc835c,544,
0x6bc9948,836,
0x6bcabfc,4,
0x6bcac00,392,
0x6bcb0d4,464,
0x6bcbac0,16,
0x6bcbad0,176,
0x6bccc98,1256,
0x6bceb88,1184,
0x6bcf734,556,
0x6bcfc9c,36,
0x6bcfcc0,8,
0x6bcfcc8,40,
0x6bcfcf0,8,
0x6bcfd00,8,
0x6bcfd10,92,
0x6bcfdd4,8,
0x6bd0014,8,
0x6bd0024,12,
0x6bd0b18,640,
0x6bd0df4,332,
0x6bd12f4,4,
0x6bd12f8,4,
0x6bd12fc,324,
0x6bd1440,948,
0x6bd23f4,688,
0x6bd3054,612,
0x6bd32b8,612,
0x6bd3770,196,
0x6bd3934,308,
0x6bd3ccc,68,
0x6bd3d10,92,
0x6bd3d6c,8,
0x6bd3d74,184,
0x6bd3e2c,8,
0x6bd3e34,192,
0x6bd3fe4,248,
0x6bd42a8,600,
0x6bd4668,192,
0x6bd4818,412,
0x6bd4e78,8,
0x6bd4e80,4,
0x6bd4e84,1528,
0x6bd6d5c,384,
0x6bd7688,868,
0x6bd8554,1076,
0x6bd8e04,56,
0x6bd8e3c,496,
0x6bd93e8,8,
0x6bd93f0,20,
0x6bd9404,224,
0x6bd95c4,8,
0x6bd95cc,408,
0x6bd99f0,8,
0x6bd99f8,320,
0x6bda75c,8,
0x6bdabb4,8,
0x6bdabbc,40,
0x6bdabe4,8,
0x6bdabec,20,
0x6bdac00,228,
0x6bdade0,56,
0x6bdaf04,4,
0x6bdaf08,4,
0x6bdaf14,8,
0x6bdaf2c,20,
0x6bdaf6c,8,
0x6bdaf78,8,
0x6bdaf94,372,
0x6bdbbb4,260,
0x6bdbce4,1688,
0x6bdf4d8,344,
0x6bdff5c,444,
0x6be0dc0,28,
0x6be0ddc,28,
0x6be0f30,424,
0x6be25a4,4,
0x6be25a8,8,
0x6be25b0,8,
0x6be25b8,8,
0x6be25c0,8,
0x6be25d0,8,
0x6be2674,204,
0x6be2824,4,
0x6be2828,68,
0x6be28b4,92,
0x6be2cbc,600,
0x6be3328,312,
0x6be37d0,36,
0x6be3ab4,1040,
0x6be471c,32,
0x6be4884,4,
0x6be4888,8,
0x6be4898,8,
0x6be48cc,36,
0x6be4918,164,
0x6be4ba4,56,
0x6be4d24,56,
0x6be4f08,36,
0x6be5334,8,
0x6be533c,4,
0x6be5340,36,
0x6be5364,728,
0x6be86f4,296,
0x6be8a90,600,
0x6be9620,332,
0x6be9d24,8,
0x6be9d2c,4,
0x6be9f70,36,
0x6bea2f4,356,
0x6bea6d8,296,
0x6beaa54,12,
0x6bebc48,1360,
0x6bedae0,144,
0x6bedc90,472,
0x6bee474,152,
0x6bee5ac,48,
0x6bee5dc,160,
0x6bee898,540,
0x6bef1bc,288,
0x6bef60c,792,
0x6bf03b8,8,
0x6bf0438,164,
0x6bf0884,240,
0x6bf0ad0,1528,
0x6bf527c,460,
0x6bf5914,288,
0x6bf5d88,168,
0x6bf5e30,340,
0x6bf656c,892,
0x6bf8218,1140,
0x6bf9f7c,8,
0x6bf9fb0,44,
0x6bfa054,204,
0x6bfbd24,148,
0x6bfc200,152,
0x6bfc468,220,
0x6bfc8c0,36,
0x6bfc8e8,8,
0x6bfc8f0,8,
0x6bfc908,8,
0x6bfc918,156,
0x6bfcb98,444,
0x6bfd0bc,4,
0x6bfd0c8,8,
0x6bfd104,36,
0x6bfd128,32,
0x6bfd1f4,92,
0x6bfd2cc,144,
0x6bfd650,344,
0x6bfdbf0,344,
0x6bfe564,932,
0x6c00364,1264,
0x6c01a8c,8,
0x6c01a98,500,
0x6c051b0,4,
0x6c051b4,8,
0x6c051bc,8,
0x6c051c4,8,
0x6c051cc,8,
0x6c051d4,8,
0x6c051dc,156,
0x6c05278,12,
0x6c05284,32,
0x6c052a4,360,
0x6c05724,8,
0x6c05734,8,
0x6c05768,36,
0x6c05850,56,
0x6c058f0,44,
0x6c05a04,56,
0x6c05b7c,112,
0x6c05f88,656,
0x6c07048,8,
0x6c070c8,164,
0x6c07f04,68,
0x6c07f48,92,
0x6c0806c,192,
0x6c08314,308,
0x6c086b4,4,
0x6c087b8,504,
0x6c09e64,4,
0x6c09eec,536,
0x6c0a874,492,
0x6c0afd4,284,
0x6c0b548,140,
0x6c0b5d4,4,
0x6c0b5d8,332,
0x6c0bc1c,824,
0x6c0c9a4,4,
0x6c0c9cc,232,
0x6c0d404,444,
0x6c0db34,80,
0x6c0dbe8,144,
0x6c0e030,444,
0x6c0e718,532,
0x6c0f250,184,
0x6c0f550,1888,
0x6c124c0,436,
0x6c13170,212,
0x6c13784,32,
0x6c138ec,4,
0x6c138f4,8,
0x6c13904,8,
0x6c1390c,44,
0x6c13aa8,8,
0x6c13ab8,8,
0x6c13aec,36,
0x6c13c94,4,
0x6c13ca8,8,
0x6c13d00,32,
0x6c13e88,4,
0x6c13e98,8,
0x6c13ef8,32,
0x6c14158,164,
0x6c14c30,108,
0x6c15a70,304,
0x6c16004,228,
0x6c16904,1052,
0x6c17bbc,132,
0x6c17c40,72,
0x6c18358,1696,
0x6c1aa2c,152,
0x6c1ab78,172,
0x6c1aed4,448,UAzureInstancedTextBlock::SetColorsForInstances 实例颜色数组
0x6c1b640,344,
0x6c1c438,336,
0x6c1cd18,300,
0x6c1ce44,300,
0x6c1d09c,76,
0x6c1d0e8,216,
0x6c1d608,244,
0x6c1d6fc,1532,
0x6c1ffa4,120,
0x6c2001c,52,
0x6c20080,48,
0x6c202f0,600,
0x6c20db8,308,
0x6c21694,980,
0x6c2664c,4,
0x6c26650,172,
0x6c266fc,360,
0x6c26ae8,120,
0x6c26ba8,1080,
0x6c2863c,420,
0x6c28c74,4,
0x6c40540,104,
0x6c405a8,8,
0x6c405b0,192,
0x6c40768,368,
0x6c40da0,16,
0x6c41034,8,
0x6c4103c,192,
0x6c411c0,4,
0x6c411cc,24,
0x6c41374,664,
0x6c41d64,220,
0x6c423f8,288,
0x6c426d8,228,
0x6c42b2c,632,
0x6c43b18,220,
0x6c43bf8,36,
0x6c43c1c,4456,UAzureSkeletalMeshWidget::SkeletalMeshToSlateSkeletalMesh 骨骼网格转Slate顶点
0x6c48010,696,
0x6c485ec,116,
0x6c486ec,76,
0x6c48738,4,
0x6c4877c,80,
0x6c488c0,8,
0x6c488c8,168,
0x6c48a18,204,
0x6c48b68,32,
0x6c48b88,100,
0x6c48c44,56,
0x6c48cb4,296,
0x6c4910c,124,
0x6c492c0,16,
0x6c492d0,432,
0x6c49b50,40,
0x6c49b78,40,
0x6c49ba0,40,
0x6c49f90,32,
0x6c4a2bc,12,
0x6c4a71c,484,
0x6c4a900,584,
0x6c4b0b0,36,
0x6c4b0d4,884,
0x6c4bf14,8,
0x6c4bf3c,8,
0x6c4bf5c,12,
0x6c4c088,4,
0x6c4c098,4,
0x6c4c1ec,36,
0x6c4c32c,36,
0x6c4c350,4,
0x6c4c358,192,
0x6c4c8d8,332,
0x6c4d214,4,
0x6c4d218,36,
0x6c4d4c4,24,
0x6c4d5cc,532,
0x6c4de60,384,
0x6c4f17c,168,
0x6c4f498,272,
0x6c4fc50,556,
0x6c5031c,184,
0x6c50614,144,
0x6c50a68,204,
0x6c50d88,196,
0x6c510c4,92,
0x6c51ab8,408,
0x6c531b0,24,
0x6c531c8,4,
0x6c531cc,4,
0x6c531d0,4,
0x6c531d4,32,
0x6c531f4,720,
0x6c54bec,36,
0x6c54cb8,92,
0x6c5557c,228,
0x6c55660,408,
0x6c56b1c,24,
0x6c56b34,4,
0x6c56b38,120,
0x6c56bb0,256,
0x6c56cb0,4,
0x6c56cb4,8,
0x6c56cbc,8,
0x6c56cc4,8,
0x6c56ccc,8,
0x6c56cd4,8,
0x6c56cdc,8,
0x6c56ce4,156,
0x6c56d80,8,
0x6c56d88,28,
0x6c56da4,4,
0x6c56da8,404,
0x6c56f3c,612,
0x6c571a0,720,
0x6c57790,968,
0x6c57e64,36,
0x6c57e94,8,
0x6c583ac,472,
0x6c58824,396,~FAzureMaterialParamSet
0x6c58c74,664,
0x6c59400,144,
0x6c59490,288,
0x6c59710,144,
0x6c597cc,4,
0x6c597d0,312,
0x6c59e00,824,
0x6c5a808,92,
0x6c5ab70,4,
0x6c5ab74,144,
0x6c5ada4,336,
0x6c5b2e0,8,
0x6c5b314,36,
0x6c5b43c,92,
0x6c5b49c,8,
0x6c5b4ac,8,
0x6c5b504,32,
0x6c5b6e4,296,
0x6c5bf14,8,
0x6c5bf20,632,
0x6c5ce0c,744,
0x6c5e1c4,36,
0x6c5e848,8,
0x6c5ea54,668,
0x6c5f2bc,464,
0x6c5f814,36,
0x6c5f838,644,
0x6c60ae4,2012,
0x6c63658,68,
0x6c6369c,92,
0x6c636f8,8,
0x6c63700,184,
0x6c637b8,8,
0x6c637c0,192,
0x6c63880,44,
0x6c638ac,8,
0x6c638b4,196,
0x6c63978,248,
0x6c63ba4,4,
0x6c63ba8,540,
0x6c6401c,360,
0x6c642f8,180,
0x6c64458,1732,
0x6c65a08,4,
0x6c65a0c,4,
0x6c65a10,8,
0x6c65a18,8,
0x6c65a20,8,
0x6c65a28,44,
0x6c65a54,36,
0x6c65a98,8,
0x6c65b44,80,
0x6c65bf8,4,
0x6c65bfc,380,
0x6c65f6c,44,
0x6c66088,64,
0x6c66128,4,
0x6c66134,8,
0x6c66194,32,
0x6c66260,80,
0x6c66318,424,
0x6c66824,388,
0x6c67440,36,
0x6c67464,2372,
0x6c6f05c,448,
0x6c70110,28,
0x6c70174,28,
0x6c701d0,28,
0x6c7022c,28,
0x6c70428,688,
0x6c70dd0,304,
0x6c72140,880,
0x6c73e20,1304,
0x6c75b84,560,
0x6c768bc,8,
0x6c768c4,1100,
0x6c78d68,556,
0x6c7a36c,12,
0x6c7a3dc,4,
0x6c7a3e0,68,
0x6c7a4c8,292,
0x6c7a868,32,
0x6c7a890,164,
0x6c7a9e8,4,
0x6c7a9ec,24,
0x6c7aa08,144,
0x6c7ab2c,164,
0x6c7ad34,8,
0x6c7ade8,4,
0x6c7adec,24,
0x6c7ae04,4,
0x6c7ae08,24,
0x6c7b134,4,
0x6c7b138,128,
0x6c7b240,152,
0x6c7b9a8,4,
0x6c7b9ac,8,
0x6c7b9b4,8,
0x6c7b9bc,8,
0x6c7b9c4,44,
0x6c7b9f0,36,
0x6c7ba14,32,
0x6c7ba34,164,
0x6c7bad8,72,
0x6c7bb98,8,
0x6c7bc40,48,
0x6c7bca8,304,
0x6c7c2d8,344,
0x6c7c7e0,144,
0x6c7c960,396,
0x6c7cf70,164,
0x6c7d018,160,
0x6c7d1fc,12,
0x6c7d81c,864,
0x6c7f194,348,
0x6c80a0c,92,
0x6c80b2c,144,
0x6c80f14,1100,
0x6c83424,376,
0x6c843d0,84,
0x6c84578,36,
0x6c84704,1788,
0x6c88614,420,
0x6c88c6c,376,
0x6c89640,4,
0x6c89644,8,
0x6c89654,8,
0x6c89688,36,
0x6c89770,72,
0x6c89818,8,
0x6c89820,8,
0x6c89880,32,
0x6c899c8,48,
0x6c899f8,4,
0x6c89a30,540,
0x6c8a44c,420,
0x6c8aca8,24,
0x6c8ad08,8,
0x6c8addc,244,
0x6c8b538,144,
0x6c8bd30,288,
0x6c8c790,344,
0x6c8d098,344,
0x6c8db68,808,
0x6c8f0b8,8,
0x6c8f110,32,
0x6c8f278,4,
0x6c8f280,8,
0x6c8f298,44,
0x6c8f43c,8,
0x6c8f444,8,
0x6c8f454,8,
0x6c8f464,152,
0x6c8fc90,416,
0x6c906f8,4,
0x6c90714,44,
0x6c908e8,8,
0x6c90a0c,56,
0x6c90d74,8,
0x6c90d7c,8,
0x6c90d8c,8,
0x6c90d9c,152,
0x6c9190c,4252,UAzureStaticMeshWidget::PreSave
0x6c9f2b4,1780,
0x6ca3e98,84,
0x6ca3eec,288,
0x6ca400c,32,
0x6ca402c,2528,
0x6cafa24,12,
0x6cafa30,136,
0x6cafc34,2144,
0x6cb4a5c,816,
0x6cb5770,816,
0x6cb7fb4,120,
0x6cb82ac,48,
0x6cb8398,56,
0x6cb8484,44,
0x6cb88b0,788,
0x6cbce9c,48,
0x6cbcecc,108,
0x6cbd07c,120,
0x6cbd334,768,
0x6cbee70,276,
0x6cbf410,120,
0x6cbf4a0,412,
0x6cc107c,220,
0x6cc1238,220,
0x6cc158c,468,
0x6cc2660,280,
0x6cc2a68,144,
0x6cc2b90,144,
0x6cc2e00,412,
0x6cc3540,56,
0x6cc362c,508,
0x6cc3eb0,36,
0x6cc42e8,32,
0x6cc4348,784,
0x6cc56b8,796,
0x6cc7684,344,
0x6cc7d3c,1944,
0x6ccd068,36,
0x6ccd08c,688,
0x6cceb18,76,
0x6ccebf8,164,
0x6ccf334,28,
0x6ccf350,2900,
0x6ce7548,188,
0x6ce78f8,4,
0x6ce78fc,76,
0x6ce7c24,76,
0x6ce7f20,168,
0x6ce8498,76,
0x6ce86ac,188,
0x6ce8c98,68,
0x6ce8d64,8,
0x6ce8e18,8,
0x6ce8e30,12,
0x6ce8e94,4,
0x6ce902c,8,
0x6ce905c,4,
0x6ce9078,8,
0x6ce90a4,8,
0x6ce90d0,36,
0x6ce9184,8,
0x6ce9314,12,
0x6ce94a0,12,
0x6ce94b8,8,
0x6ce94cc,12,
0x6ce94ec,8,
0x6ce950c,4,
0x6ce9538,8,
0x6ce9554,36,
0x6ce95d8,8,
0x6ce9610,8,
0x6ce97cc,192,
0x6ce9fdc,12,
0x6cea0a4,12,
0x6cea0b0,188,
0x6ceb1ac,4,
0x6ceb71c,76,
0x6ceb84c,188,
0x6cebdd0,76,
0x6cec184,184,
0x6cec7dc,176,
0x6cecbd4,76,
0x6cecdd8,12,
0x6cecde4,12,
0x6ceceac,12,
0x6ced038,4,
0x6ced088,264,
0x6ced6d0,76,
0x6ced9e0,272,
0x6cee084,76,
0x6cee330,188,
0x6cee860,12,
0x6cee904,188,
0x6ceef74,52,
0x6cef210,188,
0x6cef718,12,
0x6cef73c,12,
0x6cef778,12,
0x6cefa24,12,
0x6cefb04,52,
0x6cefcfc,272,
0x6cf049c,76,
0x6cf0624,76,
0x6cf088c,188,
0x6cf11fc,164,
0x6cf1620,12,
0x6cf1678,76,
0x6cf18fc,76,
0x6cf1b80,12,
0x6cf1bbc,12,
0x6cf1cc0,8,
0x6cf21b0,168,
0x6cf2634,12,
0x6cf26fc,12,
0x6cf27d0,188,
0x6cf330c,20,
0x6cf34a4,20,
0x6cf3594,56,
0x6cf37d4,52,
0x6cf392c,244,
0x6cf4018,12,
0x6cf407c,76,
0x6cf430c,76,
0x6cf4790,20,
0x6cf4a90,176,
0x6cf4f34,76,
0x6cf50b0,76,
0x6cf52b4,12,
0x6cf53d4,8,
0x6cf53dc,188,
0x6cf5b38,76,
0x6cf5f28,404,
0x6cf6bb8,188,
0x6cf7218,188,
0x6cf7cc8,76,
0x6cf7d60,76,
0x6cf7f28,188,
0x6cf8384,92,
0x6cf8790,12,
0x6cf87f8,52,
0x6cf8d10,240,
0x6cf92b4,12,
0x6cf941c,4,
0x6cf94d4,180,
0x6cf998c,52,
0x6cf9be4,188,
0x6cfa2f8,76,
0x6cfa778,12,
0x6cfa908,12,
0x6cfa9d0,12,
0x6cfa9dc,188,
0x6cfb50c,4,
0x6cfb538,16,
0x6cfb570,4,
0x6cfb5a4,4,
0x6cfb61c,8,
0x6cfb650,8,
0x6cfb6a0,8,
0x6cfb850,20,
0x6cfb8b4,8,
0x6cfb8d0,8,
0x6cfb92c,8,
0x6cfb980,32,
0x6cfba04,8,
0x6cfba28,8,
0x6cfba6c,48,
0x6cfbb80,8,
0x6cfbbd4,8,
0x6cfbc1c,12,
0x6cfbc84,32,
0x6cfbce8,8,
0x6cfbd34,8,
0x6cfbd50,8,
0x6cfbda0,8,
0x6cfbe00,188,
0x6cfd34c,40,
0x6cfd5b4,76,
0x6cfd698,76,
0x6cfda6c,184,
0x6cfdff4,80,
0x6cfe330,92,
0x6cfe8c4,184,
0x6cff204,76,
0x6cff3a4,188,
0x6cffc70,104,
0x6d000d8,76,
0x6d00328,12,
0x6d003cc,12,
0x6d003d8,12,
0x6d003f0,76,
0x6d00948,12,
0x6d00a18,236,
0x6d011fc,188,
0x6d01968,8,
0x6d01970,192,
0x6d02104,52,
0x6d021ec,92,
0x6d0299c,168,
0x6d02f24,76,
0x6d030b8,76,
0x6d033e0,12,
0x6d0362c,80,
0x6d03ba8,176,
0x6d0412c,76,
0x6d04300,76,
0x6d045c4,12,
0x6d0461c,76,
0x6d04f24,12,
0x6d04f30,184,
0x6d05454,8,
0x6d054b8,8,
0x6d054cc,4,
0x6d05550,8,
0x6d055d4,8,
0x6d05600,8,
0x6d0569c,8,
0x6d056d4,8,
0x6d056f4,8,
0x6d0577c,8,
0x6d057a8,8,
0x6d05a34,12,
0x6d05c8c,12,
0x6d05cf8,56,
0x6d05da4,4,
0x6d05f8c,8,
0x6d05fb0,8,
0x6d05fc8,12,
0x6d0602c,248,
0x6d067c4,4,
0x6d067d8,80,
0x6d06d1c,16,
0x6d06d70,8,
0x6d06ef8,8,
0x6d06f34,12,
0x6d06f9c,4,
0x6d07030,8,
0x6d07048,4,
0x6d07094,8,
0x6d070e0,8,
0x6d07120,4,
0x6d08098,76,
0x6d08304,168,
0x6d087e0,76,
0x6d089b4,76,
0x6d08da4,20,
0x6d08ec8,176,
0x6d0954c,76,
0x6d0967c,76,
0x6d09934,188,
0x6d0a49c,180,
0x6d0a988,180,
0x6d0af94,12,
0x6d0b088,4,
0x6d0b6bc,176,
0x6d0bf10,176,
0x6d0c3e4,76,
0x6d0c538,76,
0x6d0c7c8,76,
0x6d0ca64,188,
0x6d0d1b0,12,
0x6d0d284,188,
0x6d0dec0,12,
0x6d0dee4,76,
0x6d0e168,4,
0x6d0e1e8,76,
0x6d0e4bc,188,
0x6d0ec28,104,
0x6d0efc8,12,
0x6d0f090,12,
0x6d0f160,176,
0x6d0f778,184,
0x6d0feec,76,
0x6d1011c,4,
0x6d10618,12,
0x6d107b4,68,
0x6d10c6c,184,
0x6d11370,124,
0x6d11ce8,20,
0x6d11d98,208,
0x6d1238c,76,
0x6d124bc,76,
0x6d12790,188,
0x6d12ea4,12,
0x6d12fb0,112,
0x6d13360,124,
0x6d14c74,168,
0x6d15364,224,
0x6d156a8,152,
0x6d15a38,232,
0x6d15fe8,232,
0x6d165cc,76,
0x6d166fc,76,
0x6d16878,76,
0x6d16a4c,76,
0x6d16c6c,76,
0x6d16ea4,76,
0x6d17178,188,
0x6d17898,8,
0x6d178bc,8,
0x6d178e4,8,
0x6d17900,212,
0x6d18298,188,
0x6d187c4,24,
0x6d18824,8,
0x6d188b8,12,
0x6d189ec,8,
0x6d18a58,8,
0x6d18a80,4,
0x6d18bac,8,
0x6d18bfc,8,
0x6d18c44,8,
0x6d18d14,8,
0x6d18e58,8,
0x6d18e7c,8,
0x6d18eac,4,
0x6d1910c,8,
0x6d19140,8,
0x6d19180,148,
0x6d1a184,192,
0x6d1a73c,180,
0x6d1b080,12,
0x6d1b090,8,
0x6d1b098,8,
0x6d1b0a8,8,
0x6d1b0b8,4,
0x6d1b0bc,8,
0x6d1b0d4,8,
0x6d1b0e8,8,
0x6d1b11c,8,
0x6d1b158,8,
0x6d1b184,8,
0x6d1b1fc,180,
0x6d1c2a4,80,
0x6d1c34c,656,
0x6d1ef4c,476,
0x6d1fa7c,352,
0x6d20c1c,92,
0x6d20c78,172,
0x6d20d24,432,
0x6d216dc,424,
0x6d2215c,184,
0x6d223d8,68,
0x6d225c0,168,
0x6d22c6c,452,
0x6d23f30,820,
0x6d27d40,364,
0x6d283bc,80,
0x6d28654,108,
0x6d28cac,252,
0x6d296c8,248,
0x6d29e50,408,
0x6d2af30,36,
0x6d2b0d8,36,
0x6d2ba60,168,
0x6d2be58,240,
0x6d2c6f4,20,
0x6d2c874,192,
0x6d2cc90,76,
0x6d2cf08,76,
0x6d2d208,20,
0x6d2d43c,76,
0x6d2d578,76,
0x6d2d8b4,820,
0x6d30408,488,
0x6d31940,716,
0x6d34678,8,
0x6d347f8,144,
0x6d34bd0,8,
0x6d34bd8,256,
0x6d3545c,144,
0x6d35914,8,
0x6d3591c,36,
0x6d35a40,8,
0x6d35c38,8,
0x6d35c40,36,
0x6d35f44,8,
0x6d35f4c,36,
0x6d361c8,144,
0x6d365dc,16,
0x6d366f8,8,
0x6d367c0,32,
0x6d36cc4,76,
0x6d36efc,4,
0x6d36f00,188,
0x6d373f4,188,
0x6d37980,188,
0x6d37e7c,12,
0x6d37f04,52,
0x6d3820c,52,
0x6d38a50,128,
0x6d38e7c,76,
0x6d3901c,16,
0x6d390f4,8,
0x6d39308,188,
0x6d39a24,184,
0x6d3a05c,4,
0x6d3a060,188,
0x6d3a784,12,
0x6d3a790,76,
0x6d3a960,4,
0x6d3aadc,76,
0x6d3ae48,188,
0x6d3b270,8,
0x6d3b2a4,4,
0x6d3b2e4,8,
0x6d3b36c,8,
0x6d3b3bc,4,
0x6d3b400,8,
0x6d3b44c,8,
0x6d3b4dc,8,
0x6d3b52c,8,
0x6d3b84c,12,
0x6d3b8a0,8,
0x6d3b8dc,8,
0x6d3b9b0,8,
0x6d3b9e4,8,
0x6d3b9fc,8,
0x6d3bafc,12,
0x6d3bbe0,8,
0x6d3bc08,8,
0x6d3bc1c,8,
0x6d3bc40,8,
0x6d3bc84,44,
0x6d3bd50,4,
0x6d3cc0c,324,
0x6d3d9bc,148,
0x6d3e384,156,
0x6d3e480,16,
0x6d3e6c8,212,
0x6d3ed70,68,
0x6d3f144,108,
0x6d3f408,112,
0x6d3fe38,136,
0x6d41558,760,
0x6d4326c,120,
0x6d432e4,172,
0x6d43958,320,
0x6d43f34,148,
0x6d44428,8,
0x6d4446c,36,
0x6d444d4,8,
0x6d444ec,8,
0x6d4450c,4,
0x6d44520,8,
0x6d44530,4,
0x6d445c8,4,
0x6d445d0,4,
0x6d446c4,116,
0x6d44908,8,
0x6d449b8,8,
0x6d449c8,36,
0x6d44a38,8,
0x6d44a80,8,
0x6d44b38,280,
0x6d45300,488,
0x6d4643c,572,
0x6d47aa0,428,
0x6d48950,344,
0x6d493e4,344,
0x6d4a410,844,
0x6d4cc9c,464,
0x6d4dea8,312,
0x6d4e88c,8,
0x6d4e89c,8,
0x6d4e8f4,32,
0x6d4ea18,116,
0x6d4eb1c,4,
0x6d4ec8c,64,
0x6d4eebc,4,
0x6d4eedc,764,
0x6d5144c,76,
0x6d51498,188,
0x6d51ccc,4,
0x6d51cd4,188,
0x6d52304,8,
0x6d52594,76,
0x6d527b8,4,
0x6d5287c,188,
0x6d52f84,8,
0x6d52fa8,8,
0x6d5303c,8,
0x6d53070,8,
0x6d53234,12,
0x6d533a4,8,
0x6d533c0,8,
0x6d533ec,8,
0x6d53540,8,
0x6d53574,8,
0x6d53594,8,
0x6d535cc,4,
0x6d538f4,188,
0x6d55290,276,
0x6d55718,280,
0x6d56b34,268,
0x6d56ed0,76,
0x6d570e4,76,
0x6d57730,4,
0x6d57738,176,
0x6d585f0,92,
0x6d58c14,544,
0x6d595bc,248,
0x6d5a814,8,
0x6d5a81c,8,
0x6d5a824,8,
0x6d5a82c,16,
0x6d5a84c,156,
0x6d5b60c,136,
0x6d5be10,272,
0x6d5c298,76,
0x6d5c760,112,
0x6d5c7d0,120,
0x6d5cdac,8,
0x6d5cdbc,1940,
0x6d6167c,108,
0x6d618c0,84,
0x6d6245c,440,
0x6d632d4,8,
0x6d637d4,8,
0x6d64220,1780,
0x6d6a740,368,
0x6d6bc3c,20,
0x6d6c01c,1380,
0x6d6fbc4,80,
0x6d6fc18,8,
0x6d6fc28,8,
0x6d6fcec,28,
0x6d6fdf0,40,
0x6d70344,192,
0x6d70960,4,
0x6d70a44,12,
0x6d70a50,76,
0x6d70d5c,76,
0x6d7141c,76,
0x6d715f0,188,
0x6d721a4,76,
0x6d72288,76,
0x6d72598,4,
0x6d72714,12,
0x6d72828,8,
0x6d728f4,48,
0x6d72f74,188,
0x6d7379c,188,
0x6d74fb4,44,
0x6d750f0,208,
0x6d7644c,36,
0x6d76494,36,
0x6d7663c,36,
0x6d77144,172,
0x6d77ad8,380,
0x6d797d4,8,
0x6d799bc,180,
0x6d79b34,8,
0x6d79c70,208,
0x6d7a7e4,72,
0x6d7ab40,8,
0x6d7ac7c,96,
0x6d7b794,212,
0x6d7d718,36,
0x6d7dd2c,36,
0x6d7df04,252,
0x6d7f710,40,
0x6d7f7a4,64,
0x6d7f874,36,
0x6d7f904,36,
0x6d8007c,684,
0x6d81d2c,36,
0x6d81d74,36,
0x6d82a1c,36,
0x6d82a88,116,
0x6d832dc,428,
0x6d83c70,192,
0x6d84504,2884,
0x6da07fc,40,
0x6da08c4,172,
0x6da1b5c,8,
0x6da1c38,232,
0x6da1f98,12,
0x6da2080,8,
0x6da2090,40,
0x6da218c,8,
0x6da21a4,44,
0x6da2210,36,
0x6da2278,8,
0x6da2290,8,
0x6da22b8,88,
0x6da25c4,36,
0x6da267c,36,
0x6da2738,184,
0x6da2fcc,156,
0x6da35a8,32,
0x6da35fc,172,
0x6da379c,36,
0x6da3be0,64,
0x6da3d0c,52,
0x6da4090,680,
0x6da5edc,144,
0x6da612c,76,
0x6da6284,44,
0x6da6528,8,
0x6da6538,44,
0x6da6588,32,
0x6da670c,52,
0x6da69dc,8,
0x6da69fc,8,
0x6da6abc,48,
0x6da71b0,580,
0x6da8abc,36,
0x6da8c54,52,
0x6da8cdc,144,
0x6da92b0,8,
0x6da92c8,44,
0x6da9444,132,
0x6da98b0,8,
0x6da9938,8,
0x6da99dc,104,
0x6da9dbc,144,
0x6daa25c,8,
0x6daa26c,8,
0x6daa318,132,
0x6daac60,296,
0x6dab900,788,
0x6dad40c,560,
0x6dae834,136,
0x6daf518,8,
0x6daf554,36,
0x6daf644,88,
0x6daf70c,324,
0x6db1510,192,
0x6db23c0,496,
0x6db3430,120,
0x6db3830,56,
0x6db3a20,204,
0x6db4200,116,
0x6db47dc,232,
0x6db55cc,320,
0x6db6978,52,
0x6db69ac,56,
0x6db69ec,52,
0x6db6a5c,52,
0x6db7f60,120,
0x6db9298,36,
0x6db946c,36,
0x6db9490,352,
0x6dba27c,240,
0x6dba748,308,
0x6dbb090,44,
0x6dbb134,680,
0x6dbc664,184,
0x6dbc8cc,300,
0x6dbd04c,212,
0x6dbdd40,228,
0x6dbeb8c,272,
0x6dbf364,872,
0x6dc0e14,360,
0x6dc1f70,64,
0x6dc2148,2724,
0x6dcf1ac,1220,
0x6dd1cb4,1276,
0x6dd5464,36,
0x6dd5630,36,
0x6dd5654,8,
0x6dd565c,40,
0x6dd56f4,68,
0x6dd5828,68,
0x6dd5944,4,
0x6dd5974,4,
0x6dd59b0,64,
0x6dd5cd0,32,
0x6dd5f18,60,
0x6dd5f9c,4,
0x6dd5fc8,8,
0x6dd5fd8,8,
0x6dd6144,16,
0x6dd61bc,152,
0x6dd6bd0,68,
0x6dd7010,3472,
0x6e71878,272,
0x6e728c0,276,
0x6e736b0,204,
0x6e74038,204,
0x6e74c00,372,
0x6e75ea4,84,
0x6e76780,612,
0x6e789ec,204,
0x6e793b4,272,
0x6e7a608,216,
0x6e7b1a8,232,
0x6e7c198,272,
0x6e7d138,236,
0x6e7dcec,272,
0x6e7ecac,252,
0x6e7fb1c,216,
0x6e80b40,272,
0x6e81e38,216,
0x6e829a4,232,
0x6e83828,272,
0x6e846a4,264,
0x6e857a4,72,
0x6e85e90,272,
0x6e86eb0,232,
0x6e87b1c,276,
0x6e88dd8,312,
0x6e89d5c,252,
0x6e8ae3c,216,
0x6e8bc54,272,
0x6e8d26c,232,
0x6e8db9c,244,
0x6e8edb0,272,
0x6e8fdf0,272,
0x6e90f94,216,
0x6e91e94,272,
0x6e93044,276,
0x6e941f0,272,
0x6e95384,272,
0x6e9651c,272,
0x6e978b4,36,
0x6e9792c,204,
0x6e98994,644,
0x6e9ae30,272,
0x6e9be54,352,
0x6e9d3f8,572,
0x6e9fd60,276,
0x6ea0d80,340,
0x6ea2074,236,
0x6ea30e0,72,
0x6ea332c,276,
0x6ea44d4,284,
0x6ea5a74,272,
0x6ea6fb0,272,
0x6ea8140,236,
0x6ea8ecc,244,
0x6eaa1a8,300,
0x6eab500,224,
0x6eac15c,332,
0x6ead410,216,
0x6eae404,272,
0x6eaf5c0,252,
0x6eaffac,232,
0x6eb0eb0,84,
0x6eb1044,284,
0x6eb2734,204,
0x6eb37e0,284,
0x6eb526c,276,
0x6eb621c,84,
0x6eb63b0,356,
0x6eb834c,240,
0x6eb8ed8,204,
0x6eb94f4,276,
0x6ebab24,72,
0x6ebaf0c,72,
0x6ebb368,272,
0x6ebc588,272,
0x6ebd79c,592,
0x6ebfdac,272,
0x6ec1c10,272,
0x6ec2a28,272,
0x6ec3fb4,36,
0x6ec416c,284,
0x6ec5b04,1048,
0x6eca038,272,
0x6ecca88,632,
0x6ecdee8,184,
0x6eceab0,520,
0x6ed0814,196,
0x6ed1818,332,
0x6ed2aa0,184,
0x6ed4154,492,
0x6ed579c,276,
0x6ed68f0,204,
0x6ed7650,232,
0x6ed7fc0,44,
0x6ed8468,260,
0x6ed9664,272,
0x6eda3b8,240,
0x6edb234,112,
0x6edbacc,180,
0x6edc5e8,208,
0x6edd1c0,228,
0x6ede3d4,136,
0x6ede998,272,
0x6edff30,232,
0x6ee07b4,104,
0x6ee1348,284,
0x6ee2274,312,
0x6ee3298,156,
0x6ee3cec,328,
0x6ee4fd0,168,
0x6ee5814,172,
0x6ee6390,692,
0x6ee8f44,108,
0x6ee943c,248,
0x6eea7bc,180,
0x6eeb34c,356,
0x6eec5e8,284,
0x6eed46c,132,
0x6eedaa4,272,
0x6eee624,112,
0x6eef220,244,
0x6ef0418,192,
0x6ef129c,164,
0x6ef1bf4,212,
0x6ef2ba0,304,
0x6ef4570,156,
0x6ef48f0,116,
0x6ef54ac,224,
0x6ef600c,240,
0x6ef7370,132,
0x6ef7b14,128,
0x6ef7fd4,116,
0x6ef8784,196,
0x6ef92a8,72,
0x6efa130,184,
0x6efacc0,356,
0x6efbb74,348,
0x6efde14,332,
0x6efecd8,196,
0x6effe0c,256,
0x6f00e20,272,
0x6f02274,272,
0x6f03a64,496,
0x6f06b78,700,
0x6f09228,284,
0x6f0afcc,84,
0x6f0b134,44,
0x6f0b4bc,36,
0x6f0b534,204,
0x6f0c0c0,232,
0x6f0d2cc,276,
0x6f0e5ac,276,
0x6f0f9f0,272,
0x6f108e0,244,
0x6f1270c,272,
0x6f13e58,284,
0x6f15420,264,
0x6f15d28,264,
0x6f16970,240,
0x6f177ec,240,
0x6f184b4,276,
0x6f190a4,232,
0x6f1a760,208,
0x6f1b2c8,164,
0x6f1c214,984,
0x6f21438,340,
0x6f22770,72,
0x6f22d44,144,
0x6f23fac,1096,
0x6f29138,380,
0x6f2a81c,164,
0x6f2b1f8,248,
0x6f2c624,180,
0x6f2cd94,236,
0x6f2dfa0,100,
0x6f2f900,84,
0x6f2fa24,296,
0x6f30d48,168,
0x6f3144c,252,
0x6f32928,1040,
0x6f38290,164,
0x6f38a6c,8,
0x6f38a8c,8,
0x6f38abc,8,
0x6f38ccc,96,
0x6f38e68,92,
0x6f39688,8,
0x6f3977c,208,
0x6f3a290,72,
0x6f3a428,72,
0x6f3a638,72,
0x6f3a8ec,172,
0x6f3b9d0,536,
0x6f3d6a4,116,
0x6f3eff0,168,
0x6f3fac0,8,
0x6f3fad0,8,
0x6f3fbc4,608,
0x6f42c74,520,
0x6f44700,124,
0x6f4568c,8,
0x6f457c4,164,
0x6f473d0,984,
0x6f4dfec,504,
0x6f50e34,2196,
0x6f5abbc,276,
0x6f5be9c,276,
0x6f5ccc4,276,
0x6f5dfa4,276,
0x6f5f284,276,
0x6f60550,272,
0x6f615b8,272,
0x6f62754,276,
0x6f637d8,276,
0x6f6498c,272,
0x6f65b2c,36,
0x6f65c70,72,
0x6f666f8,276,
0x6f67484,312,
0x6f68778,296,
0x6f69954,356,
0x6f6aca0,280,
0x6f6c1cc,608,
0x6f6e9a4,272,
0x6f70054,264,
0x6f703fc,108,
0x6f70a2c,40,
0x6f70f2c,36,
0x6f71f80,484,
0x6f73d8c,24,
0x6f73ed0,8,
0x6f73ef8,140,
0x6f749e0,8,
0x6f749f0,8,
0x6f74dc8,8,
0x6f74dd8,8,
0x6f74e90,36,
0x6f74f84,40,
0x6f750a8,8,
0x6f750b8,8,
0x6f751a0,8,
0x6f75244,24,
0x6f753a0,8,
0x6f75458,36,
0x6f75588,8,
0x6f75650,8,
0x6f75720,44,
0x6f75930,8,
0x6f759d4,16,
0x6f75af0,8,
0x6f75ba4,24,
0x6f75cf0,8,
0x6f75d08,140,
0x6f762a8,8,
0x6f76364,96,
0x6f76ba8,8,
0x6f76bc0,8,
0x6f76c8c,28,
0x6f76fb4,8,
0x6f77080,28,
0x6f77310,8,
0x6f77330,180,
0x6f7830c,8,
0x6f78324,180,
0x6f7974c,256,
0x6f7a1b0,284,
0x6f7b364,272,
0x6f7c3e4,272,
0x6f7d7c0,204,
0x6f7e3bc,268,
0x6f7f068,272,
0x6f800d8,276,
0x6f80fd8,232,
0x6f81b38,84,
0x6f82720,600,
0x6f848c8,240,
0x6f85d14,272,
0x6f867b0,276,
0x6f87b48,232,
0x6f88a54,44,
0x6f88c68,204,
0x6f8a4a8,196,
0x6f8b1dc,272,
0x6f8b8f0,272,
0x6f8c974,272,
0x6f8dc28,304,
0x6f8ecb4,236,
0x6f8ff6c,240,
0x6f90a48,216,
0x6f91804,264,
0x6f92968,344,
0x6f93c20,332,
0x6f95160,44,
0x6f95678,276,
0x6f964a0,276,
0x6f97524,276,
0x6f98a60,276,
0x6f9987c,300,
0x6f9a66c,324,
0x6f9c1a8,272,
0x6f9d560,276,
0x6f9def4,84,
0x6f9e3dc,272,
0x6f9f54c,240,
0x6fa0140,248,
0x6fa126c,276,
0x6fa2160,264,
0x6fa3450,264,
0x6fa4124,216,
0x6fa4b8c,368,
0x6fa66ec,276,
0x6fa7ddc,472,
0x6fa9234,224,
0x6faa36c,272,
0x6fab3d8,276,
0x6fac454,44,
0x6fac578,516,
0x6fae7e8,252,
0x6fafac8,264,
0x6fb0d74,376,
0x6fb2110,216,
0x6fb3664,368,
0x6fb4828,252,
0x6fb570c,272,
0x6fb69ec,272,
0x6fb7a28,84,
0x6fb7e8c,272,
0x6fb938c,72,
0x6fb97e8,416,
0x6fbac10,268,
0x6fbbe10,272,
0x6fbcfc0,284,
0x6fbe2b8,44,
0x6fbe950,244,
0x6fbf5c8,416,
0x6fc0f40,264,
0x6fc24d8,240,
0x6fc36ec,240,
0x6fc473c,224,
0x6fc4d6c,348,
0x6fc683c,404,
0x6fc7fb4,276,
0x6fc9034,276,
0x6fca2f8,272,
0x6fcb5b8,272,
0x6fccaec,272,
0x6fcddbc,272,
0x6fcf604,200,
0x6fd0454,800,
0x6fd4be0,272,
0x6fd5c64,272,
0x6fd6828,276,
0x6fd7b08,276,
0x6fd91ac,276,
0x6fda29c,272,
0x6fdb904,276,
0x6fdccbc,340,
0x6fdde10,244,
0x6fdeb6c,284,
0x6fe04fc,276,
0x6fe1580,84,
0x6fe16e8,44,
0x6fe202c,276,
0x6fe2e54,276,
0x6fe4194,276,
0x6fe5338,240,
0x6fe65dc,232,
0x6fe7274,336,
0x6fe8440,272,
0x6fe99d8,240,
0x6fea6b0,272,
0x6feb718,276,
0x6fec700,204,
0x6fed340,216,
0x6fee4b8,272,
0x6fef5b4,236,
0x6ff0958,252,
0x6ff1b98,272,
0x6ff29c0,272,
0x6ff3dc8,276,
0x6ff52d8,240,
0x6ff6440,244,
0x6ff72d4,240,
0x6ff7e80,556,
0x6ffa25c,232,
0x6ffab78,228,
0x6ffbc70,276,
0x6ffccf4,272,
0x6ffdfd4,272,
0x6fff2ac,276,
0x70004ec,312,
0x70017e8,376,
0x70030fc,336,
0x7004884,272,
0x7005a30,272,
0x7006c50,240,
0x7007e14,272,
0x7009064,276,
0x7009d60,272,
0x700add0,72,
0x700b6f8,272,
0x700c920,272,
0x700e130,272,
0x700f538,272,
0x7010230,276,
0x7011184,272,
0x7011ff8,44,
0x7012a64,84,
0x7012de0,244,
0x7013bb8,232,
0x7014bcc,272,
0x70157e8,272,
0x70169ac,84,
0x7016ec8,276,
0x7018220,276,
0x7019504,276,
0x701a7e4,276,
0x701bab0,272,
0x701cd90,284,
0x701ea50,368,SpineWidget BP校验包装(非null检查)
0x702043c,272,
0x70215ec,276,
0x702267c,364,
0x7023fd8,300,
0x70250cc,268,
0x7026278,300,
0x7027360,260,
0x7028770,280,
0x70298ec,272,
0x702acf8,276,
0x702bce0,272,
0x702ce30,272,
0x702dfd0,272,
0x702ef68,204,
0x702fbcc,276,
0x7030e34,276,
0x7031d80,284,
0x70330f4,276,
0x7034630,276,
0x7035910,272,
0x7036d1c,276,
0x7038258,272,
0x7038f78,44,
0x7039394,272,
0x703a46c,204,
0x703b1a4,236,
0x703c3a4,244,
0x703d1dc,216,
0x703dcb0,340,
0x703f594,276,
0x7040884,340,
0x7042124,912,
0x7045a00,44,
0x7045e44,272,
0x704764c,244,
0x70482b0,236,
0x70490b0,232,
0x704a080,600,
0x704cda4,276,
0x704dcf8,272,
0x704f070,72,
0x704f704,236,
0x704fee4,236,
0x70509d4,232,
0x7051d28,272,
0x7052ed8,276,
0x70541b8,276,
0x7055484,472,
0x7056f10,312,
0x7057fd4,232,
0x7058c88,8,
0x7058db8,188,
0x7059e14,12,
0x7059e20,12,
0x7059e78,12,
0x7059ed0,12,
0x7059f34,76,
0x705a718,20,
0x705ac8c,76,
0x705afcc,48,
0x705b27c,92,
0x705b4d4,48,
0x705b658,92,
0x705c01c,156,
0x705c704,236,
0x705d854,20,
0x705d87c,120,
0x705dedc,120,
0x705e1d4,128,
0x705e660,76,
0x705eaf8,76,
0x705efa8,76,
0x705f530,76,
0x705fc64,8,
0x705fd04,4,
0x705fd3c,8,
0x705fd64,4,
0x705fdb8,8,
0x705fe14,32,
0x705ff98,4,
0x705ffc4,8,
0x7060098,8,
0x70600c4,8,
0x7060194,8,
0x70601e8,8,
0x706021c,8,
0x7060308,8,
0x7060374,4,
0x7060468,8,
0x7060494,8,
0x706054c,8,
0x70605b8,8,
0x706064c,8,
0x706069c,8,
0x7060734,8,
0x7060838,8,
0x7060904,8,
0x7060980,8,
0x7060ab4,8,
0x7060b64,8,
0x7060bc4,8,
0x7060c20,8,
0x7060d0c,8,
0x7060d6c,8,
0x7060e18,4,
0x7060f20,8,
0x706106c,3196,
0x70899e0,16,
0x7089c5c,168,
0x708a6b0,180,
0x708a974,8,
0x708aa90,8,
0x708aaa8,8,
0x708ac64,132,
0x708b104,4,
0x708b14c,36,
0x708b590,8,
0x708b598,8,
0x708b5a8,8,
0x708b6f0,124,
0x708ba50,44,
0x708bcb0,1296,
0x7090a50,4,
0x7090bc8,8,
0x7090d4c,12,
0x7090eec,8,
0x7090f14,8,
0x709108c,8,
0x70910c0,8,
0x70911e4,8,
0x7091218,8,
0x7091318,8,
0x7091400,8,
0x7091434,8,
0x70914b8,12,
0x70920e8,320,
0x7093e30,148,
0x709430c,72,
0x7094ce0,4,
0x7094d14,4,
0x70950bc,8,
0x70951b8,644,
0x709796c,272,
0x7099ec8,272,
0x709ad28,276,
0x709b7c0,84,
0x709bc68,276,
0x709ca7c,252,SpineSkeletonAnimationComponent BP包装
0x709db3c,436,
0x709f2a0,272,
0x709fbc4,372,
0x70a232c,368,SpineSkeletonComponent BP包装
0x70a3a58,260,
0x70a5118,420,spine-cpp 内部(SpineString)
0x70a5f70,84,
0x70a5fc4,204,
0x70a68d0,276,
0x70a74d0,272,
0x70a8a0c,272,
0x70a995c,296,
0x70ab18c,368,
0x70ac74c,272,
0x70ada2c,272,
0x70aea48,236,
0x70af82c,244,
0x70b07bc,344,UTrackEntry BP转换包装(TrackEntry must be non-null)
0x70b25f0,2396,"Spine渲染器附件顶点累积: 顶点色=slot色*tint*attachment色*255, 区域四边形索引{0,1,2,0,2,3}"
0x70c72d8,140,
0x70c7364,772,
0x70c9fa8,332,
0x70cb404,440,spine-cpp 内部(SpineString)
0x70cc630,300,
0x70ccb70,68,
0x70cd04c,16,
0x70cd05c,248,
0x70cd590,8,
0x70cd598,8,
0x70cd5a0,104,
0x70cf00c,508,
0x70d0264,48,
0x70d0b38,264,
0x70d120c,1272,spine-cpp 内部(Vector)
0x70d984c,144,
0x70da968,136,
0x70db730,8,
0x70db748,12,
0x70db764,16,
0x70dbad4,4,
0x70dbad8,32,
0x70dbb38,4,
0x70dbb74,408,spine-cpp 内部(Vector)
0x70dd04c,12,
0x70dd058,380,spine-cpp 内部(Vector)
0x70ddf50,264,
0x70de384,8,
0x70de44c,16,
0x70dedd8,704,
0x70e0210,532,spine-cpp Json.cpp 解析helper
0x70e14f0,268,
0x70e2644,3808,spine-cpp 时间轴曲线求值(fmodf循环插值)
0x7103d14,36,
0x7103f58,116,
0x7104eb8,1104,spine SkeletonClipping::clipStart 鞋带公式判定绕向并反转裁剪多边形
0x710a0cc,64,
0x710a3b8,28764,spine SkeletonJson::readSkeletonData 巨型JSON解析(spine/bones/slots/ik/transform/path/skins/animations/color/audio)
0x71ffa38,36,
0x71ffc70,968,
0x7202df4,4,
0x7202e04,28,
0x72032f0,12,
0x72034a8,104,
0x7203c80,1936,
0x720c194,28,
0x720c3f0,192,
0x720cc88,12,
0x720cc9c,8,
0x720cca8,188,
0x720d704,188,
0x720e06c,188,
0x720f360,48,
0x720f9c0,48,
0x720fad8,532,
0x7212320,192,
0x7213eac,932,
0x721ab1c,380,
0x721d49c,828,
0x721ee38,496,
0x721f448,392,
0x722164c,4,
0x722173c,36,
0x7221760,856,
0x7223fbc,340,
0x7224b88,8,
0x7224b9c,132,
0x7225220,8,
0x72252c4,132,
0x72257bc,244,
0x7226588,4,
0x722669c,8,
0x72266a4,8,
0x72266b4,16,
0x7226784,48,
0x7226d90,2116,
0x722f320,196,
0x722f3e4,196,
0x722f5ac,1868,
0x723466c,1204,
0x723aecc,4,
0x723afb8,340,
0x723bdbc,44,
0x723bf34,20,
0x723c07c,264,
0x723d2c4,500,
0x723e4c4,260,
0x723fd58,8,
0x724066c,164,
0x72423b0,916,
0x7244200,120,
0x72447b4,8,
0x72447c4,8,
0x7244888,28,
0x7244e04,144,
0x7245240,176,
0x7245648,164,
0x7245ec8,92,
0x724637c,136,
0x72469d4,148,
0x724718c,144,
0x7247630,1356,
0x724f1dc,4,
0x724f9bc,12,
0x724fa18,180,
0x7250908,412,
0x7251954,76,
0x7251bd8,12,
0x7251c08,76,
0x725218c,76,
0x72524ac,180,
0x7252f64,124,
0x72538a0,76,
0x7253d28,40,
0x7253f54,8,
0x725404c,172,
0x7254804,40,
0x7254aa8,8,
0x7254ad4,8,
0x7254b6c,8,
0x7254b84,8,
0x7254dcc,4,
0x7254dfc,8,
0x7254e40,44,
0x7255238,8,
0x72552d4,8,
0x7255300,8,
0x725536c,12,
0x72553ac,8,
0x72553bc,8,
0x7255634,8,
0x7255660,8,
0x7255688,4,
0x72556f0,8,
0x7255778,180,
0x72561a0,8,
0x7256254,188,
0x7256a84,8,
0x7256ba4,8,
0x7256be0,8,
0x7256d74,8,
0x7256da8,8,
0x7256df0,8,
0x7256ed0,8,
0x7256f9c,8,
0x7256fd0,8,
0x7257154,8,
0x7257188,8,
0x72571f8,4,
0x72573d0,12,
0x7257430,8,
0x7257480,48,
0x7257724,8,
0x7257758,8,
0x7257834,8,
0x7257884,8,
0x7257994,8,
0x72579dc,8,
0x7258f9c,40,
0x72598bc,36,
0x7259d44,180,
0x725a68c,16,
0x725a794,4,
0x725a8d8,396,
0x725d7c8,40,
0x725d868,40,
0x725d908,40,
0x725d9d0,40,
0x725db60,40,
0x725e604,12,
0x725e764,168,
0x725fd10,60,
0x725fd74,40,
0x725fe2c,8,
0x725fe34,660,
0x7261b98,16,
0x7261be8,20,
0x7261ca8,48,
0x7261d38,48,
0x7261e08,16,
0x7261e8c,40,
0x7261fd4,16,
0x726236c,8,
0x7262374,1080,
0x7266100,540,
0x72677a0,284,
0x726838c,388,
0x7269310,680,
0x726df80,248,
0x726e69c,396,
0x727048c,692,
0x72719e4,72,
0x7271bb8,84,
0x7271d28,80,
0x727222c,216,
0x7272f34,144,
0x7273390,136,
0x7273704,144,
0x7273a88,168,
0x7273d64,48,
0x7274778,1472,
0x727c4c8,4,
0x727c858,4,
0x727c860,192,
0x727cc64,4,
0x727cc68,192,
0x727dac8,4,
0x727dacc,560,
0x727e770,4,
0x727eac4,44,
0x727efc4,124,
0x727f848,36,
0x727f960,312,
0x7280d4c,716,
0x7282950,92,
0x7282b94,92,
0x7282ed4,92,
0x7283084,160,
0x7283570,116,
0x7284170,36,
0x72841a0,8,
0x72841a8,64,
0x72842b8,36,
0x7284564,36,
0x72846b0,36,
0x7284888,36,
0x72849a8,88,
0x7285770,720,
0x72875fc,460,
0x7288030,52,
0x72882dc,8,
0x72883c8,4,
0x728843c,112,
0x7288818,192,
0x7289048,8,
0x7289110,48,
0x7289308,188,
0x7289b30,56,
0x7289c5c,4,
0x7289d1c,188,
0x728a640,56,
0x728a934,188,
0x728b1d4,8,
0x728b2cc,4,
0x728b38c,188,
0x728be20,48,
0x728c174,8,
0x728c238,68,
0x728c5fc,48,
0x728c8f4,188,
0x728d200,64,
0x728d4e4,16,
0x728d524,16,
0x728d618,124,
0x728dd60,72,
0x728e3c8,76,
0x728e87c,184,
0x728f0b4,192,
0x728f914,76,
0x728fcbc,76,
0x7290114,52,
0x7290474,124,
0x7290d94,192,
0x7291728,4,
0x72918b8,16,
0x7291934,188,
0x7292388,4,
0x7292504,76,
0x7292710,4,
0x72927d0,188,
0x729310c,192,
0x7293934,8,
0x7293a3c,188,
0x7294350,124,
0x72947ec,16,
0x7294afc,8,
0x7294c70,8,
0x7294c7c,8,
0x7294ccc,36,
0x7294e84,72,
0x7295370,36,
0x7295514,8,
0x729569c,36,
0x7295ba4,188,
0x72965cc,188,
0x7296bc8,4,
0x7296d1c,8,
0x7296db0,8,
0x7296dd0,8,
0x7296e20,8,
0x7296ee8,8,
0x7296f58,32,
0x7296fdc,8,
0x7297024,8,
0x7297110,8,
0x7297234,188,
0x7297924,8,
0x72979b8,8,
0x7297a30,4,
0x7297b48,12,
0x7297bf0,8,
0x7297c24,8,
0x7297c74,8,
0x7297d90,32,
0x7297e38,8,
0x7297f38,4,
0x7298250,12,
0x7298440,8,
0x7298464,8,
0x7298564,8,
0x7298598,8,
0x72985c4,8,
0x72985fc,8,
0x7298850,12,
0x72989e4,192,
0x7299210,8,
0x729924c,8,
0x7299268,8,
0x7299348,12,
0x7299410,4,
0x7299458,8,
0x729947c,8,
0x72994f8,8,
0x7299568,8,
0x729962c,8,
0x7299688,32,
0x729bbe8,188,
0x729dbc0,152,
0x729e008,452,
0x729fc34,124,
0x72a0fcc,40,
0x72a1280,168,
0x72a17c8,636,
0x72a23c0,88,
0x72a2c5c,28,
0x72a30a4,8,
0x72a3b9c,40,
0x72a3c40,668,
0x72a4efc,40,
0x72a4f24,360,
0x72a5838,100,
0x72a5c5c,2848,
0x72b1c70,176,
0x72b2210,8,
0x72b22cc,92,
0x72b296c,76,
0x72b2cb0,192,
0x72b339c,56,
0x72b3770,12,
0x72b3888,180,
0x72b4198,12,
0x72b41ac,188,
0x72b4a20,188,
0x72b5420,4,
0x72b5500,156,
0x72b5908,192,
0x72b6760,176,
0x72b6ca0,76,
0x72b6f64,76,
0x72b73a8,72,
0x72b7cc4,208,
0x72b81b8,76,
0x72b8598,12,
0x72b8868,248,
0x72b8eb4,8,
0x72b8ef8,8,
0x72b901c,8,
0x72b9050,8,
0x72b90a0,8,
0x72b9160,12,
0x72b9480,12,
0x72b9554,188,
0x72b9c64,12,
0x72baec0,1572,
0x72beaf4,4,
0x72beaf8,416,
0x72bff88,352,
0x72c0ab8,112,
0x72c11f0,4,
0x72c1830,1584,
0x72c77f4,344,
0x72c85dc,204,
0x72ca360,4,
0x72ca36c,4,
0x72ca5b0,308,
0x72cac7c,1104,
0x72cd73c,56,
0x72cd79c,16,
0x72cdb98,88,
0x72ce0c0,48,
0x72ce314,240,
0x72cf514,88,
0x72cf9e4,36,
0x72cfb68,40,
0x72cfc58,8,
0x72cfc68,60,
0x72cff54,76,
0x72d0230,220,
0x72d0754,172,
0x72d0e10,144,
0x72d1b78,184,
0x72d2020,492,
0x72d3834,104,
0x72d3eb0,164,
0x72d43c4,136,
0x72d4ea0,4,
0x72d5010,452,
0x72d6448,52,
0x72d6704,76,
0x72d69d4,4,
0x72d69dc,180,
0x72d70d0,4,
0x72d724c,76,
0x72d74d8,76,
0x72d77dc,52,
0x72d7b58,52,
0x72d7dcc,20,
0x72d7e08,20,
0x72d80a4,76,
0x72d82d0,12,
0x72d8418,76,
0x72d85b8,76,
0x72d8a34,76,
0x72d8d88,12,
0x72d8e48,4,
0x72d8e4c,180,
0x72d9888,188,
0x72da230,76,
0x72da560,124,
0x72dab44,12,
0x72dac10,8,
0x72dac30,8,
0x72dac44,8,
0x72dac6c,4,
0x72dac78,8,
0x72dace4,8,
0x72dad20,8,
0x72dae3c,8,
0x72dae94,8,
0x72daec0,8,
0x72daf04,80,
0x72db150,8,
0x72db208,8,
0x72db25c,8,
0x72db2bc,12,
0x72db578,188,
0x72dcd64,612,
0x72ddf3c,80,
0x72de610,4,
0x72de63c,8,
0x72de9b8,4,
0x72dea08,4,
0x72dead4,12,
0x72deb90,16,
0x72deba0,4,
0x72deba4,188,
0x72df088,52,
0x72df3c0,76,
0x72df4dc,188,
0x72df9f4,8,
0x72dfabc,12,
0x72dfb20,68,
0x72dfcf8,8,
0x72dfd84,8,
0x72dfde4,8,
0x72dfe30,8,
0x72dfe4c,8,
0x72dfe80,8,
0x72dff7c,8,
0x72dffb0,8,
0x72e00c4,1236,
